Den_Number,Pokemon_ID,Rarity,Ability
1,236,{1: '35%'},Standard
1,066,{1: '35%'},Standard
1,532,"{1: '20%', 2: '30%'}",Standard
1,559,"{1: '10%', 2: '30%'}",Standard
1,067,"{2: '20%', 3: '10%'}",Standard
1,533,"{2: '20%', 3: '30%'}",Standard
1,106,"{3: '20%', 4: '25%'}",Standard
1,107,"{3: '20%', 4: '25%', 5: '30%'}",Standard
1,560,"{3: '20%', 4: '25%', 5: '30%'}",Standard
1,534,"{4: '25%', 5: '20%'}",Hidden Possible
1,068,{5: '10%'},Hidden Possible
1,237,{5: '10%'},Hidden Possible
1,236,{1: '35%'},Standard
1,066,{1: '35%'},Standard
1,532,"{1: '20%', 2: '30%'}",Standard
1,453,"{1: '10%', 2: '30%'}",Standard
1,533,"{2: '20%', 3: '10%'}",Standard
1,067,"{2: '20%', 3: '30%'}",Standard
1,107,"{3: '20%', 4: '25%'}",Standard
1,106,"{3: '20%', 4: '25%', 5: '30%'}",Standard
1,454,"{3: '20%', 4: '25%', 5: '30%'}",Standard
1,237,"{4: '25%', 5: '20%'}",Hidden Possible
1,068,{5: '10%'},Hidden Possible
1,534,{5: '10%'},Hidden Possible
2,280,{1: '35%'},Standard
2,517,{1: '30%'},Standard
2,677,"{1: '20%', 2: '30%'}",Standard
2,574,"{1: '10%', 2: '30%'}",Standard
2,605,"{1: '5%', 2: '20%'}",Standard
2,281,"{2: '20%', 3: '40%'}",Standard
2,678,"{3: '20%', 4: '30%'}",Standard
2,575,"{3: '20%', 4: '30%'}",Standard
2,518,"{3: '20%', 4: '30%', 5: '25%'}",Standard
2,576,"{4: '10%', 5: '25%'}",Hidden Possible
2,338,{5: '25%'},Standard
2,282,{5: '25%'},Hidden Possible
2,280,{1: '35%'},Standard
2,517,{1: '30%'},Standard
2,677,"{1: '20%', 2: '30%'}",Standard
2,577,"{1: '10%', 2: '30%'}",Standard
2,605,"{1: '5%', 2: '20%'}",Standard
2,281,"{2: '20%', 3: '40%'}",Standard
2,678-f,"{3: '20%', 4: '30%'}",Standard
2,578,"{3: '20%', 4: '30%'}",Standard
2,518,"{3: '20%', 4: '30%', 5: '25%'}",Standard
2,579,"{4: '10%', 5: '25%'}",Hidden Possible
2,337,{5: '25%'},Standard
2,282,{5: '25%'},Hidden Possible
3,438,{1: '35%'},Standard
3,524,{1: '35%'},Standard
3,688,"{1: '20%', 2: '30%'}",Standard
3,557,"{1: '10%', 2: '30%'}",Standard
3,111,"{2: '20%', 3: '10%'}",Standard
3,525,"{2: '20%', 3: '30%'}",Standard
3,689,"{3: '20%', 4: '10%'}",Standard
3,112,"{3: '20%', 4: '20%', 5: '10%'}",Standard
3,185,"{3: '20%', 4: '20%', 5: '25%'}",Standard
3,558,"{4: '50%', 5: '25%'}",Hidden Possible
3,526,{5: '20%'},Hidden Possible
3,213,{5: '20%'},Hidden Possible
3,438,{1: '35%'},Standard
3,688,{1: '35%'},Standard
3,524,"{1: '20%', 2: '30%'}",Standard
3,557,"{1: '10%', 2: '30%'}",Standard
3,111,"{2: '20%', 3: '10%'}",Standard
3,525,"{2: '20%', 3: '30%'}",Standard
3,689,"{3: '20%', 4: '10%'}",Standard
3,112,"{3: '20%', 4: '20%', 5: '10%'}",Standard
3,185,"{3: '20%', 4: '20%', 5: '25%'}",Standard
3,526,"{4: '50%', 5: '25%'}",Hidden Possible
3,558,{5: '20%'},Hidden Possible
3,213,{5: '20%'},Hidden Possible
4,010,{1: '35%'},Standard
4,736,{1: '35%'},Standard
4,290,"{1: '20%', 2: '30%'}",Standard
4,595,"{1: '10%', 2: '30%'}",Standard
4,011,"{2: '20%', 3: '10%'}",Standard
4,632,"{2: '20%', 3: '30%'}",Standard
4,737,"{3: '20%', 4: '10%'}",Standard
4,291,"{3: '20%', 4: '20%', 5: '10%'}",Standard
4,012,"{3: '20%', 4: '20%', 5: '25%'}",Standard
4,596,"{4: '50%', 5: '25%'}",Hidden Possible
4,738,{5: '20%'},Standard
4,632,{5: '20%'},Hidden Possible
4,010,{1: '35%'},Standard
4,736,{1: '35%'},Standard
4,290,"{1: '20%', 2: '30%'}",Standard
4,595,"{1: '10%', 2: '30%'}",Standard
4,632,"{2: '20%', 3: '10%'}",Standard
4,011,"{2: '20%', 3: '30%'}",Standard
4,737,"{3: '20%', 4: '10%'}",Standard
4,291,"{3: '20%', 4: '20%', 5: '10%'}",Standard
4,012,"{3: '20%', 4: '20%', 5: '25%'}",Standard
4,596,"{4: '50%', 5: '25%'}",Hidden Possible
4,738,{5: '20%'},Standard
4,632,{5: '20%'},Hidden Possible
5,010,{1: '35%'},Standard
5,415,{1: '35%'},Standard
5,742,"{1: '20%', 2: '30%'}",Standard
5,824,"{1: '10%', 2: '30%'}",Standard
5,595,"{2: '20%', 3: '10%'}",Standard
5,011,"{2: '20%', 3: '30%'}",Standard
5,825,"{3: '20%', 4: '10%'}",Standard
5,596,"{3: '20%', 4: '20%', 5: '10%'}",Standard
5,012,"{3: '20%', 4: '20%', 5: '25%'}",Standard
5,743,"{4: '50%', 5: '25%'}",Hidden Possible
5,416,{5: '20%'},Hidden Possible
5,826,{5: '20%'},Hidden Possible
5,010,{1: '35%'},Standard
5,415,{1: '35%'},Standard
5,742,"{1: '20%', 2: '30%'}",Standard
5,824,"{1: '10%', 2: '30%'}",Standard
5,595,"{2: '20%', 3: '10%'}",Standard
5,011,"{2: '20%', 3: '30%'}",Standard
5,825,"{3: '20%', 4: '10%'}",Standard
5,596,"{3: '20%', 4: '20%', 5: '10%'}",Standard
5,012,"{3: '20%', 4: '20%', 5: '25%'}",Standard
5,743,"{4: '50%', 5: '25%'}",Hidden Possible
5,416,{5: '20%'},Hidden Possible
5,826,{5: '20%'},Hidden Possible
6,092,{1: '35%'},Standard
6,355,{1: '30%'},Standard
6,425,"{1: '20%', 2: '30%'}",Standard
6,708,"{1: '10%', 2: '30%'}",Standard
6,592,"{1: '5%', 2: '20%'}",Standard
6,710,"{2: '20%', 3: '40%'}",Standard
6,093,"{3: '20%', 4: '10%'}",Standard
6,356,"{3: '20%', 4: '20%', 5: '10%'}",Standard
6,426,"{3: '20%', 4: '20%', 5: '25%'}",Standard
6,709,"{4: '50%', 5: '25%'}",Hidden Possible
6,711,{5: '20%'},Hidden Possible
6,593,{5: '20%'},Hidden Possible
6,092,{1: '35%'},Standard
6,355,{1: '30%'},Standard
6,425,"{1: '20%', 2: '30%'}",Standard
6,708,"{1: '10%', 2: '30%'}",Standard
6,592,"{1: '5%', 2: '20%'}",Standard
6,710,"{2: '20%', 3: '40%'}",Standard
6,093,"{3: '20%', 4: '20%'}",Standard
6,356,"{3: '20%', 4: '20%', 5: '20%'}",Standard
6,426,"{3: '20%', 4: '20%', 5: '20%'}",Standard
6,709,"{4: '40%', 5: '20%'}",Hidden Possible
6,711,{5: '20%'},Hidden Possible
6,593,{5: '20%'},Hidden Possible
7,129,{1: '35%'},Standard
7,458,{1: '35%'},Standard
7,223,"{1: '20%', 2: '30%'}",Standard
7,170,"{1: '10%', 2: '30%'}",Standard
7,320,"{2: '20%', 3: '10%'}",Standard
7,550,"{2: '20%', 3: '30%'}",Standard
7,224,"{3: '20%', 4: '10%'}",Standard
7,226,"{3: '20%', 4: '20%', 5: '10%'}",Standard
7,171,"{3: '20%', 4: '20%', 5: '25%'}",Standard
7,321,"{4: '50%', 5: '25%'}",Hidden Possible
7,746,{5: '20%'},Standard
7,130,{5: '20%'},Hidden Possible
7,129,{1: '35%'},Standard
7,458,{1: '35%'},Standard
7,223,"{1: '20%', 2: '30%'}",Standard
7,170,"{1: '10%', 2: '30%'}",Standard
7,320,"{2: '20%', 3: '10%'}",Standard
7,550,"{2: '20%', 3: '30%'}",Standard
7,224,"{3: '20%', 4: '10%'}",Standard
7,226,"{3: '20%', 4: '20%', 5: '10%'}",Standard
7,171,"{3: '20%', 4: '20%', 5: '25%'}",Standard
7,321,"{4: '50%', 5: '25%'}",Hidden Possible
7,746,{5: '20%'},Standard
7,130,{5: '20%'},Hidden Possible
8,833,{1: '35%'},Standard
8,846,{1: '35%'},Standard
8,422,"{1: '20%', 2: '30%'}",Standard
8,751,"{1: '10%', 2: '30%'}",Standard
8,320,"{2: '20%', 3: '10%'}",Standard
8,550,"{2: '20%', 3: '30%'}",Standard
8,746,"{3: '20%', 4: '10%'}",Standard
8,834,"{3: '20%', 4: '20%', 5: '10%'}",Standard
8,847,"{3: '20%', 4: '20%', 5: '25%'}",Standard
8,752,"{4: '50%', 5: '25%'}",Hidden Possible
8,423,{5: '20%'},Hidden Possible
8,321,{5: '20%'},Hidden Possible
8,833,{1: '35%'},Standard
8,846,{1: '35%'},Standard
8,422,"{1: '20%', 2: '30%'}",Standard
8,751,"{1: '10%', 2: '30%'}",Standard
8,320,"{2: '20%', 3: '10%'}",Standard
8,550,"{2: '20%', 3: '30%'}",Standard
8,746,"{3: '20%', 4: '10%'}",Standard
8,834,"{3: '20%', 4: '20%', 5: '10%'}",Standard
8,847,"{3: '20%', 4: '20%', 5: '25%'}",Standard
8,752,"{4: '50%', 5: '25%'}",Hidden Possible
8,423,{5: '20%'},Hidden Possible
8,321,{5: '20%'},Hidden Possible
9,833,{1: '35%'},Standard
9,194,{1: '35%'},Standard
9,535,"{1: '20%', 2: '30%'}",Standard
9,341,"{1: '10%', 2: '30%'}",Standard
9,090,{2: '20%'},Standard
9,536,"{2: '20%', 3: '40%'}",Standard
9,834,"{3: '20%', 4: '10%'}",Standard
9,195,"{3: '20%', 4: '20%', 5: '10%'}",Standard
9,771,"{3: '20%', 4: '20%', 5: '25%'}",Standard
9,091,"{4: '50%', 5: '25%'}",Hidden Possible
9,537,{5: '20%'},Hidden Possible
9,342,{5: '20%'},Hidden Possible
9,833,{1: '35%'},Standard
9,194,{1: '35%'},Standard
9,535,"{1: '20%', 2: '30%'}",Standard
9,341,"{1: '10%', 2: '30%'}",Standard
9,090,{2: '20%'},Standard
9,536,"{2: '20%', 3: '40%'}",Standard
9,834,"{3: '20%', 4: '10%'}",Standard
9,195,"{3: '20%', 4: '20%', 5: '10%'}",Standard
9,771,"{3: '20%', 4: '20%', 5: '25%'}",Standard
9,091,"{4: '50%', 5: '25%'}",Hidden Possible
9,537,{5: '20%'},Hidden Possible
9,342,{5: '20%'},Hidden Possible
10,236,{1: '35%'},Standard
10,759,{1: '35%'},Standard
10,852,"{1: '20%', 2: '30%'}",Standard
10,674,"{1: '10%', 2: '30%'}",Standard
10,083-g,{2: '20%'},Standard
10,539,"{2: '20%', 3: '40%'}",Standard
10,760,"{3: '20%', 4: '33%', 5: '22%'}",Standard
10,675,"{3: '20%', 4: '33%', 5: '22%'}",Standard
10,701,"{3: '20%', 4: '33%', 5: '20%'}",Standard
10,865,"{4: '1%', 5: '1%'}",Hidden Possible
10,853,{5: '25%'},Hidden Possible
10,870,{5: '10%'},Hidden Possible
10,236,{1: '35%'},Standard
10,759,{1: '35%'},Standard
10,852,"{1: '20%', 2: '30%'}",Standard
10,674,"{1: '10%', 2: '30%'}",Standard
10,759,{2: '20%'},Standard
10,538,"{2: '20%', 3: '40%'}",Standard
10,760,"{3: '20%', 4: '25%', 5: '10%'}",Standard
10,675,"{3: '20%', 4: '25%', 5: '10%'}",Standard
10,701,"{3: '20%', 4: '30%', 5: '20%'}",Standard
10,760,"{4: '20%', 5: '25%'}",Hidden Possible
10,853,{5: '25%'},Hidden Possible
10,870,{5: '10%'},Hidden Possible
11,599,{1: '35%'},Standard
11,052-g,{1: '35%'},Standard
11,436,"{1: '20%', 2: '30%'}",Standard
11,597,"{1: '10%', 2: '30%'}",Standard
11,624,{2: '20%'},Standard
11,878,"{2: '20%', 3: '40%'}",Standard
11,600,"{3: '20%', 4: '25%', 5: '10%'}",Standard
11,863,"{3: '20%', 4: '25%', 5: '10%'}",Standard
11,437,"{3: '20%', 4: '25%', 5: '30%'}",Standard
11,625,"{4: '25%', 5: '30%'}",Hidden Possible
11,601,{5: '10%'},Hidden Possible
11,879,{5: '10%'},Hidden Possible
11,599,{1: '35%'},Standard
11,052-g,{1: '35%'},Standard
11,436,"{1: '20%', 2: '30%'}",Standard
11,597,"{1: '10%', 2: '30%'}",Standard
11,624,{2: '20%'},Standard
11,878,"{2: '20%', 3: '40%'}",Standard
11,600,"{3: '20%', 4: '25%', 5: '10%'}",Standard
11,863,"{3: '20%', 4: '25%', 5: '10%'}",Standard
11,437,"{3: '20%', 4: '25%', 5: '30%'}",Standard
11,625,"{4: '25%', 5: '30%'}",Hidden Possible
11,601,{5: '10%'},Hidden Possible
11,879,{5: '10%'},Hidden Possible
12,599,{1: '35%'},Standard
12,436,{1: '35%'},Standard
12,597,"{1: '20%', 2: '30%'}",Standard
12,624,"{1: '10%', 2: '30%'}",Standard
12,599,{2: '20%'},Standard
12,436,"{2: '20%', 3: '40%'}",Standard
12,208,"{3: '20%', 4: '25%', 5: '10%'}",Standard
12,598,"{3: '20%', 4: '25%', 5: '10%'}",Standard
12,437,"{3: '20%', 4: '25%', 5: '30%'}",Standard
12,625,"{4: '25%', 5: '30%'}",Hidden Possible
12,303,{5: '10%'},Hidden Possible
12,777,{5: '10%'},Hidden Possible
12,599,{1: '35%'},Standard
12,436,{1: '35%'},Standard
12,597,"{1: '20%', 2: '30%'}",Standard
12,624,"{1: '10%', 2: '30%'}",Standard
12,599,{2: '20%'},Standard
12,436,"{2: '20%', 3: '40%'}",Standard
12,208,"{3: '20%', 4: '25%', 5: '10%'}",Standard
12,598,"{3: '20%', 4: '25%', 5: '10%'}",Standard
12,437,"{3: '20%', 4: '25%', 5: '30%'}",Standard
12,625,"{4: '25%', 5: '30%'}",Hidden Possible
12,208,{5: '10%'},Hidden Possible
12,777,{5: '10%'},Hidden Possible
13,439,{1: '35%'},Standard
13,824,{1: '35%'},Standard
13,177,"{1: '20%', 2: '30%'}",Standard
13,856,"{1: '10%', 2: '30%'}",Standard
13,825,{2: '20%'},Standard
13,857,"{2: '20%', 3: '40%', 4: '15%'}",Standard
13,561,"{3: '20%', 4: '25%'}",Standard
13,178,"{3: '20%', 4: '25%'}",Standard
13,876,"{3: '20%', 4: '25%', 5: '25%'}",Standard
13,561,"{4: '10%', 5: '25%'}",Hidden Possible
13,826,{5: '25%'},Hidden Possible
13,858,{5: '25%'},Hidden Possible
13,439,{1: '35%'},Standard
13,824,{1: '35%'},Standard
13,177,"{1: '20%', 2: '30%'}",Standard
13,856,"{1: '10%', 2: '30%'}",Standard
13,077-g,{2: '20%'},Standard
13,857,"{2: '20%', 3: '40%', 4: '15%'}",Standard
13,561,"{3: '20%', 4: '25%'}",Standard
13,178,"{3: '20%', 4: '25%'}",Standard
13,876-f,"{3: '20%', 4: '25%', 5: '25%'}",Standard
13,765,"{4: '10%', 5: '25%'}",Hidden Possible
13,078-g,{5: '25%'},Hidden Possible
13,858,{5: '25%'},Hidden Possible
14,439,{1: '35%'},Standard
14,360,{1: '35%'},Standard
14,177,"{1: '20%', 2: '30%'}",Standard
14,343,"{1: '10%', 2: '30%'}",Standard
14,436,{2: '20%'},Standard
14,122-g,"{2: '20%', 3: '40%', 4: '15%'}",Standard
14,561,"{3: '20%', 4: '25%'}",Standard
14,178,"{3: '20%', 4: '25%'}",Standard
14,876,"{3: '20%', 4: '25%', 5: '25%'}",Standard
14,344,"{4: '10%', 5: '25%'}",Standard
14,866,{5: '25%'},Hidden Possible
14,202,{5: '25%'},Hidden Possible
14,439,{1: '35%'},Standard
14,360,{1: '35%'},Standard
14,177,"{1: '20%', 2: '30%'}",Standard
14,343,"{1: '10%', 2: '30%'}",Standard
14,436,{2: '20%'},Standard
14,122-g,"{2: '20%', 3: '40%', 4: '15%'}",Standard
14,561,"{3: '20%', 4: '25%'}",Standard
14,178,"{3: '20%', 4: '25%'}",Standard
14,876-f,"{3: '20%', 4: '25%', 5: '25%'}",Standard
14,344,"{4: '10%', 5: '25%'}",Standard
14,866,{5: '25%'},Hidden Possible
14,202,{5: '25%'},Hidden Possible
15,837,{1: '35%'},Standard
15,524,{1: '35%'},Standard
15,557,"{1: '20%', 2: '30%'}",Standard
15,688,"{1: '10%', 2: '30%'}",Standard
15,838,{2: '20%'},Standard
15,525,"{2: '20%', 3: '40%'}",Standard
15,558,"{3: '20%', 4: '10%'}",Standard
15,689,"{3: '20%', 4: '20%', 5: '15%'}",Standard
15,095,"{3: '20%', 4: '20%', 5: '25%'}",Standard
15,839,"{4: '50%', 5: '25%'}",Hidden Possible
15,526,{5: '30%'},Hidden Possible
15,464,{5: '5%'},Hidden Possible
15,837,{1: '35%'},Standard
15,557,{1: '35%'},Standard
15,524,"{1: '20%', 2: '30%'}",Standard
15,688,"{1: '10%', 2: '30%'}",Standard
15,838,{2: '20%'},Standard
15,525,"{2: '20%', 3: '40%'}",Standard
15,558,"{3: '20%', 4: '10%'}",Standard
15,689,"{3: '20%', 4: '20%', 5: '15%'}",Standard
15,839,"{3: '20%', 4: '20%', 5: '25%'}",Standard
15,526,"{4: '50%', 5: '25%'}",Hidden Possible
15,095,{5: '30%'},Hidden Possible
15,464,{5: '5%'},Hidden Possible
16,050,{1: '35%'},Standard
16,749,{1: '35%'},Standard
16,290,"{1: '20%', 2: '30%'}",Standard
16,529,"{1: '10%', 2: '30%'}",Standard
16,095,{2: '20%'},Standard
16,339,"{2: '20%', 3: '40%'}",Standard
16,208,"{3: '20%', 4: '10%'}",Standard
16,340,"{3: '20%', 4: '20%', 5: '10%'}",Standard
16,660,"{3: '20%', 4: '20%', 5: '25%'}",Standard
16,051,"{4: '50%', 5: '25%'}",Hidden Possible
16,530,{5: '30%'},Hidden Possible
16,750,{5: '10%'},Hidden Possible
16,050,{1: '35%'},Standard
16,749,{1: '35%'},Standard
16,290,"{1: '20%', 2: '30%'}",Standard
16,529,"{1: '10%', 2: '30%'}",Standard
16,095,{2: '20%'},Standard
16,339,"{2: '20%', 3: '40%'}",Standard
16,208,"{3: '20%', 4: '10%'}",Standard
16,340,"{3: '20%', 4: '20%', 5: '10%'}",Standard
16,660,"{3: '20%', 4: '20%', 5: '25%'}",Standard
16,051,"{4: '50%', 5: '25%'}",Hidden Possible
16,530,{5: '30%'},Hidden Possible
16,750,{5: '10%'},Hidden Possible
17,843,{1: '35%'},Standard
17,562-g,{1: '35%'},Standard
17,449,"{1: '20%', 2: '30%'}",Standard
17,220,"{1: '10%', 2: '30%'}",Standard
17,328,{2: '20%'},Standard
17,221,"{2: '20%', 3: '40%'}",Standard
17,329,"{3: '30%', 4: '20%'}",Standard
17,618-g,"{3: '30%', 4: '30%', 5: '29%'}",Standard
17,867,{5: '1%'},Standard
17,450,"{4: '50%', 5: '25%'}",Hidden Possible
17,330,{5: '35%'},Standard
17,844,{5: '10%'},Hidden Possible
17,843,{1: '35%'},Standard
17,562-g,{1: '35%'},Standard
17,449,"{1: '20%', 2: '30%'}",Standard
17,328,"{1: '10%', 2: '30%'}",Standard
17,220,{2: '20%'},Standard
17,221,"{2: '20%', 3: '40%'}",Standard
17,618-g,"{3: '30%', 4: '20%'}",Standard
17,329,"{3: '30%', 4: '30%', 5: '29%'}",Standard
17,867,{5: '1%'},Standard
17,330,"{4: '50%', 5: '25%'}",Standard
17,450,{5: '35%'},Hidden Possible
17,844,{5: '10%'},Hidden Possible
18,037,{1: '35%'},Standard
18,850,{1: '35%'},Standard
18,757,"{1: '20%', 2: '30%'}",Standard
18,607,"{1: '10%', 2: '30%'}",Standard
18,554-g,{2: '20%'},Standard
18,758,"{2: '20%', 3: '40%'}",Standard
18,608,"{3: '20%', 4: '10%'}",Standard
18,038,"{3: '20%', 4: '20%', 5: '10%'}",Standard
18,324,"{3: '20%', 4: '20%', 5: '25%'}",Standard
18,851,"{4: '50%', 5: '25%'}",Hidden Possible
18,631,{5: '30%'},Hidden Possible
18,555-g,{5: '10%'},Hidden Possible
18,058,{1: '35%'},Standard
18,850,{1: '35%'},Standard
18,757,"{1: '20%', 2: '30%'}",Standard
18,607,"{1: '10%', 2: '30%'}",Standard
18,631,{2: '20%'},Standard
18,608,"{2: '20%', 3: '40%'}",Standard
18,758,"{3: '20%', 4: '10%'}",Standard
18,059,"{3: '20%', 4: '20%', 5: '10%'}",Standard
18,324,"{3: '20%', 4: '20%', 5: '25%'}",Standard
18,631,"{4: '50%', 5: '25%'}",Hidden Possible
18,851,{5: '30%'},Hidden Possible
18,059,{5: '10%'},Hidden Possible
19,037,{1: '35%'},Standard
19,757,{1: '35%'},Standard
19,607,"{1: '20%', 2: '30%'}",Standard
19,037,"{1: '10%', 2: '30%'}",Standard
19,757,{2: '20%'},Standard
19,758,"{2: '20%', 3: '40%'}",Standard
19,608,"{3: '20%', 4: '35%'}",Standard
19,038,"{3: '20%', 4: '25%', 5: '30%'}",Standard
19,324,"{3: '20%', 4: '25%', 5: '30%'}",Standard
19,758,"{4: '15%', 5: '20%'}",Hidden Possible
19,609,{5: '15%'},Hidden Possible
19,776,{5: '5%'},Standard
19,058,{1: '35%'},Standard
19,757,{1: '35%'},Standard
19,607,"{1: '20%', 2: '30%'}",Standard
19,058,"{1: '10%', 2: '30%'}",Standard
19,757,{2: '20%'},Standard
19,608,"{2: '20%', 3: '40%'}",Standard
19,758,"{3: '20%', 4: '35%'}",Standard
19,059,"{3: '20%', 4: '25%', 5: '30%'}",Standard
19,758,"{3: '20%', 4: '25%', 5: '30%'}",Standard
19,324,"{4: '15%', 5: '20%'}",Hidden Possible
19,609,{5: '15%'},Hidden Possible
19,059,{5: '5%'},Hidden Possible
20,037,{1: '35%'},Standard
20,850,{1: '35%'},Standard
20,757,"{1: '20%', 2: '30%'}",Standard
20,607,"{1: '10%', 2: '30%'}",Standard
20,554-g,{2: '20%'},Standard
20,758,"{2: '20%', 3: '40%'}",Standard
20,838,"{3: '20%', 4: '10%'}",Standard
20,038,"{3: '20%', 4: '20%', 5: '10%'}",Standard
20,324,"{3: '20%', 4: '20%', 5: '25%'}",Standard
20,851,"{4: '50%', 5: '25%'}",Hidden Possible
20,839,{5: '30%'},Hidden Possible
20,555-g,{5: '10%'},Hidden Possible
20,058,{1: '35%'},Standard
20,850,{1: '35%'},Standard
20,757,"{1: '20%', 2: '30%'}",Standard
20,607,"{1: '10%', 2: '30%'}",Standard
20,324,{2: '20%'},Standard
20,838,"{2: '20%', 3: '40%'}",Standard
20,758,"{3: '20%', 4: '10%'}",Standard
20,059,"{3: '20%', 4: '20%', 5: '10%'}",Standard
20,324,"{3: '20%', 4: '20%', 5: '25%'}",Standard
20,851,"{4: '50%', 5: '25%'}",Hidden Possible
20,839,{5: '30%'},Hidden Possible
20,059,{5: '10%'},Hidden Possible
21,582,{1: '35%'},Standard
21,220,{1: '35%'},Standard
21,459,"{1: '20%', 2: '35%'}",Standard
21,712,"{1: '10%', 2: '35%'}",Standard
21,225,{2: '5%'},Standard
21,583,"{2: '25%', 3: '40%'}",Standard
21,221,"{3: '20%', 4: '10%'}",Standard
21,713,"{3: '20%', 4: '20%', 5: '10%'}",Standard
21,460,"{3: '20%', 4: '20%', 5: '25%'}",Standard
21,091,"{4: '50%', 5: '25%'}",Hidden Possible
21,584,{5: '30%'},Hidden Possible
21,131,{5: '10%'},Hidden Possible
21,582,{1: '35%'},Standard
21,220,{1: '35%'},Standard
21,459,"{1: '20%', 2: '35%'}",Standard
21,712,"{1: '10%', 2: '35%'}",Standard
21,225,{2: '5%'},Standard
21,583,"{2: '25%', 3: '40%'}",Standard
21,221,"{3: '20%', 4: '35%'}",Standard
21,713,"{3: '20%', 4: '25%', 5: '30%'}",Standard
21,460,"{3: '20%', 4: '25%', 5: '30%'}",Standard
21,091,"{4: '15%', 5: '20%'}",Hidden Possible
21,584,{5: '15%'},Hidden Possible
21,131,{5: '5%'},Hidden Possible
22,220,{1: '35%'},Standard
22,613,{1: '35%'},Standard
22,872,"{1: '20%', 2: '30%'}",Standard
22,215,"{1: '10%', 2: '30%'}",Standard
22,122-g,{2: '20%'},Standard
22,221,"{2: '20%', 3: '40%'}",Standard
22,091,"{3: '20%', 4: '35%'}",Standard
22,614,"{3: '20%', 4: '25%', 5: '10%'}",Standard
22,866,"{3: '20%', 4: '25%', 5: '30%'}",Standard
22,473,"{4: '15%', 5: '30%'}",Hidden Possible
22,873,{5: '20%'},Hidden Possible
22,461,{5: '10%'},Hidden Possible
22,220,{1: '35%'},Standard
22,613,{1: '35%'},Standard
22,872,"{1: '20%', 2: '30%'}",Standard
22,215,"{1: '10%', 2: '30%'}",Standard
22,122-g,{2: '20%'},Standard
22,221,"{2: '20%', 3: '40%'}",Standard
22,091,"{3: '20%', 4: '35%'}",Standard
22,614,"{3: '20%', 4: '25%', 5: '30%'}",Standard
22,866,"{3: '20%', 4: '25%', 5: '30%'}",Standard
22,473,"{4: '15%', 5: '20%'}",Hidden Possible
22,873,{5: '15%'},Hidden Possible
22,461,{5: '5%'},Hidden Possible
23,361,{1: '35%'},Standard
23,872,{1: '35%'},Standard
23,554-g,"{1: '20%', 2: '30%'}",Standard
23,215,"{1: '10%', 2: '30%'}",Standard
23,122-g,{2: '20%'},Standard
23,459,"{2: '20%', 3: '40%'}",Standard
23,460,"{3: '20%', 4: '35%'}",Standard
23,362,"{3: '20%', 4: '25%', 5: '20%'}",Standard
23,866,"{3: '20%', 4: '25%', 5: '30%'}",Standard
23,873,"{4: '15%', 5: '30%'}",Hidden Possible
23,478,{5: '10%'},Hidden Possible
23,555-g,{5: '10%'},Hidden Possible
23,361,{1: '35%'},Standard
23,872,{1: '35%'},Standard
23,225,"{1: '5%', 2: '5%'}",Standard
23,215,"{1: '25%', 2: '40%'}",Standard
23,122-g,{2: '30%'},Standard
23,459,"{2: '25%', 3: '40%'}",Standard
23,460,"{3: '20%', 4: '35%'}",Standard
23,362,"{3: '20%', 4: '25%', 5: '30%'}",Standard
23,866,"{3: '20%', 4: '25%', 5: '30%'}",Standard
23,873,"{4: '15%', 5: '20%'}",Hidden Possible
23,478,{5: '15%'},Hidden Possible
23,875,{5: '5%'},Standard
24,172,{1: '35%'},Standard
24,309,{1: '35%'},Standard
24,595,"{1: '20%', 2: '30%'}",Standard
24,170,"{1: '10%', 2: '30%'}",Standard
24,737,{2: '20%'},Standard
24,025,"{2: '20%', 3: '40%'}",Standard
24,025,"{3: '20%', 4: '35%'}",Standard
24,310,"{3: '20%', 4: '25%', 5: '20%'}",Standard
24,171,"{3: '20%', 4: '25%', 5: '30%'}",Standard
24,596,"{4: '15%', 5: '30%'}",Hidden Possible
24,738,{5: '10%'},Standard
24,026,{5: '10%'},Hidden Possible
24,172,{1: '35%'},Standard
24,309,{1: '35%'},Standard
24,595,"{1: '20%', 2: '30%'}",Standard
24,170,"{1: '10%', 2: '30%'}",Standard
24,737,{2: '20%'},Standard
24,025,"{2: '20%', 3: '40%'}",Standard
24,025,"{3: '20%', 4: '35%'}",Standard
24,310,"{3: '20%', 4: '25%', 5: '30%'}",Standard
24,171,"{3: '20%', 4: '25%', 5: '30%'}",Standard
24,596,"{4: '15%', 5: '20%'}",Hidden Possible
24,738,{5: '15%'},Standard
24,026,{5: '5%'},Hidden Possible
25,835,{1: '35%'},Standard
25,694,{1: '35%'},Standard
25,848,"{1: '20%', 2: '30%'}",Standard
25,170,"{1: '10%', 2: '30%'}",Standard
25,025,{2: '20%'},Standard
25,171,"{2: '20%', 3: '40%'}",Standard
25,836,"{3: '20%', 4: '35%'}",Standard
25,695,"{3: '20%', 4: '25%', 5: '35%'}",Standard
25,849,"{3: '20%', 4: '25%', 5: '30%'}",Standard
25,871,"{4: '15%', 5: '20%'}",Hidden Possible
25,777,{5: '10%'},Hidden Possible
25,877,{5: '5%'},Standard
25,835,{1: '35%'},Standard
25,694,{1: '35%'},Standard
25,848,"{1: '20%', 2: '30%'}",Standard
25,170,"{1: '10%', 2: '30%'}",Standard
25,025,{2: '20%'},Standard
25,171,"{2: '20%', 3: '40%'}",Standard
25,836,"{3: '20%', 4: '35%'}",Standard
25,695,"{3: '20%', 4: '25%', 5: '30%'}",Standard
25,849,"{3: '20%', 4: '25%', 5: '30%'}",Standard
25,871,"{4: '15%', 5: '20%'}",Hidden Possible
25,777,{5: '15%'},Hidden Possible
25,877,{5: '5%'},Standard
26,406,{1: '35%'},Standard
26,273,{1: '35%'},Standard
26,761,"{1: '20%', 2: '30%'}",Standard
26,043,"{1: '10%', 2: '30%'}",Standard
26,274,{2: '20%'},Standard
26,315,"{2: '20%', 3: '40%'}",Standard
26,044,"{3: '20%', 4: '35%'}",Standard
26,762,"{3: '20%', 4: '25%', 5: '30%'}",Standard
26,275,"{3: '20%', 4: '25%', 5: '30%'}",Standard
26,763,"{4: '15%', 5: '20%'}",Hidden Possible
26,045,{5: '15%'},Hidden Possible
26,182,{5: '5%'},Hidden Possible
26,406,{1: '35%'},Standard
26,270,{1: '35%'},Standard
26,761,"{1: '20%', 2: '30%'}",Standard
26,043,"{1: '10%', 2: '30%'}",Standard
26,271,{2: '20%'},Standard
26,315,"{2: '20%', 3: '40%'}",Standard
26,044,"{3: '20%', 4: '35%'}",Standard
26,762,"{3: '20%', 4: '25%', 5: '30%'}",Standard
26,272,"{3: '20%', 4: '25%', 5: '30%'}",Standard
26,763,"{4: '15%', 5: '20%'}",Hidden Possible
26,045,{5: '15%'},Hidden Possible
26,182,{5: '5%'},Hidden Possible
27,406,{1: '35%'},Standard
27,829,{1: '35%'},Standard
27,546,"{1: '20%', 2: '30%'}",Standard
27,840,"{1: '10%', 2: '30%'}",Standard
27,420,{2: '20%'},Standard
27,315,"{2: '20%', 3: '40%'}",Standard
27,597,"{3: '20%', 4: '35%'}",Standard
27,598,"{3: '20%', 4: '25%', 5: '30%'}",Standard
27,421,"{3: '20%', 4: '25%', 5: '30%'}",Standard
27,830,"{4: '15%', 5: '28%'}",Hidden Possible
27,547,{5: '10%'},Hidden Possible
27,841,{5: '2%'},Hidden Possible
27,406,{1: '35%'},Standard
27,829,{1: '35%'},Standard
27,546,"{1: '20%', 2: '30%'}",Standard
27,840,"{1: '10%', 2: '30%'}",Standard
27,420,{2: '20%'},Standard
27,315,"{2: '20%', 3: '40%'}",Standard
27,597,"{3: '20%', 4: '35%'}",Standard
27,598,"{3: '20%', 4: '25%', 5: '30%'}",Standard
27,421,"{3: '20%', 4: '25%', 5: '30%'}",Standard
27,830,"{4: '15%', 5: '20%'}",Hidden Possible
27,547,{5: '15%'},Hidden Possible
27,842,{5: '5%'},Hidden Possible
28,710-s,{1: '10%'},Standard
28,708,{1: '35%'},Standard
28,710,"{1: '40%', 2: '35%'}",Standard
28,755,"{1: '15%', 2: '35%'}",Standard
28,710-l,{2: '5%'},Standard
28,315,"{2: '25%', 3: '40%'}",Standard
28,756,"{3: '20%', 4: '35%'}",Standard
28,556,"{3: '20%', 4: '25%', 5: '30%'}",Standard
28,709,"{3: '20%', 4: '25%', 5: '30%'}",Standard
28,711,"{4: '15%', 5: '29%'}",Hidden Possible
28,781,{5: '10%'},Standard
28,710-h,{5: '1%'},Hidden Possible
28,710-s,{1: '10%'},Standard
28,708,{1: '35%'},Standard
28,710,"{1: '40%', 2: '35%'}",Standard
28,755,"{1: '15%', 2: '35%'}",Standard
28,710-l,{2: '5%'},Standard
28,315,"{2: '25%', 3: '40%'}",Standard
28,756,"{3: '20%', 4: '35%'}",Standard
28,556,"{3: '20%', 4: '25%', 5: '30%'}",Standard
28,709,"{3: '20%', 4: '25%', 5: '30%'}",Standard
28,711,"{4: '15%', 5: '29%'}",Hidden Possible
28,781,{5: '10%'},Standard
28,710-h,{5: '1%'},Hidden Possible
29,434,{1: '35%'},Standard
29,568,{1: '35%'},Standard
29,451,"{1: '20%', 2: '30%'}",Standard
29,747,"{1: '10%', 2: '30%'}",Standard
29,043,{2: '20%'},Standard
29,315,"{2: '20%', 3: '40%'}",Standard
29,211,"{3: '20%', 4: '35%'}",Standard
29,452,"{3: '20%', 4: '25%', 5: '30%'}",Standard
29,045,"{3: '20%', 4: '25%', 5: '30%'}",Standard
29,748,"{4: '15%', 5: '20%'}",Hidden Possible
29,569,{5: '15%'},Hidden Possible
29,435,{5: '5%'},Hidden Possible
29,434,{1: '35%'},Standard
29,568,{1: '35%'},Standard
29,451,"{1: '20%', 2: '30%'}",Standard
29,043,"{1: '10%', 2: '30%'}",Standard
29,747,{2: '20%'},Standard
29,315,"{2: '20%', 3: '40%'}",Standard
29,211,"{3: '20%', 4: '35%'}",Standard
29,452,"{3: '20%', 4: '25%', 5: '30%'}",Standard
29,045,"{3: '20%', 4: '25%', 5: '30%'}",Standard
29,435,"{4: '15%', 5: '20%'}",Hidden Possible
29,569,{5: '15%'},Hidden Possible
29,748,{5: '5%'},Hidden Possible
30,848,{1: '35%'},Standard
30,092,{1: '35%'},Standard
30,451,"{1: '20%', 2: '30%'}",Standard
30,043,"{1: '10%', 2: '30%'}",Standard
30,044,{2: '20%'},Standard
30,093,"{2: '20%', 3: '40%'}",Standard
30,109,"{3: '20%', 4: '35%'}",Standard
30,211,"{3: '20%', 4: '25%', 5: '30%'}",Standard
30,045,"{3: '20%', 4: '25%', 5: '30%'}",Standard
30,315,"{4: '15%', 5: '20%'}",Hidden Possible
30,849,{5: '15%'},Hidden Possible
30,110-g,{5: '5%'},Hidden Possible
30,848,{1: '35%'},Standard
30,092,{1: '35%'},Standard
30,451,"{1: '20%', 2: '30%'}",Standard
30,043,"{1: '10%', 2: '30%'}",Standard
30,044,{2: '20%'},Standard
30,093,"{2: '20%', 3: '40%'}",Standard
30,109,"{3: '20%', 4: '35%'}",Standard
30,211,"{3: '20%', 4: '25%', 5: '30%'}",Standard
30,045,"{3: '20%', 4: '25%', 5: '30%'}",Standard
30,315,"{4: '15%', 5: '20%'}",Hidden Possible
30,849,{5: '15%'},Hidden Possible
30,110-g,{5: '5%'},Hidden Possible
31,519,{1: '35%'},Standard
31,163,{1: '35%'},Standard
31,177,"{1: '20%', 2: '30%'}",Standard
31,627,"{1: '10%', 2: '30%'}",Standard
31,527,{2: '20%'},Standard
31,520,"{2: '20%', 3: '40%'}",Standard
31,521,"{3: '20%', 4: '35%'}",Standard
31,164,"{3: '20%', 4: '25%', 5: '30%'}",Standard
31,528,"{3: '20%', 4: '25%', 5: '30%'}",Standard
31,178,"{4: '15%', 5: '20%'}",Hidden Possible
31,628,{5: '15%'},Hidden Possible
31,561,{5: '5%'},Hidden Possible
31,519,{1: '35%'},Standard
31,163,{1: '35%'},Standard
31,177,"{1: '20%', 2: '30%'}",Standard
31,629,"{1: '10%', 2: '30%'}",Standard
31,527,{2: '20%'},Standard
31,520,"{2: '20%', 3: '40%'}",Standard
31,521,"{3: '20%', 4: '35%'}",Standard
31,164,"{3: '20%', 4: '25%', 5: '30%'}",Standard
31,528,"{3: '20%', 4: '25%', 5: '30%'}",Standard
31,178,"{4: '15%', 5: '20%'}",Hidden Possible
31,630,{5: '15%'},Hidden Possible
31,561,{5: '5%'},Hidden Possible
32,821,{1: '35%'},Standard
32,714,{1: '35%'},Standard
32,278,"{1: '20%', 2: '30%'}",Standard
32,177,"{1: '10%', 2: '30%'}",Standard
32,425,{2: '20%'},Standard
32,822,"{2: '20%', 3: '40%'}",Standard
32,426,"{3: '20%', 4: '35%'}",Standard
32,279,"{3: '20%', 4: '25%', 5: '30%'}",Standard
32,178,"{3: '20%', 4: '25%', 5: '30%'}",Standard
32,823,"{4: '15%', 5: '20%'}",Hidden Possible
32,701,{5: '15%'},Hidden Possible
32,845,{5: '5%'},Standard
32,821,{1: '35%'},Standard
32,714,{1: '35%'},Standard
32,278,"{1: '20%', 2: '30%'}",Standard
32,177,"{1: '10%', 2: '30%'}",Standard
32,425,{2: '20%'},Standard
32,822,"{2: '20%', 3: '40%'}",Standard
32,426,"{3: '20%', 4: '35%'}",Standard
32,279,"{3: '20%', 4: '25%', 5: '30%'}",Standard
32,178,"{3: '20%', 4: '25%', 5: '30%'}",Standard
32,823,"{4: '15%', 5: '20%'}",Hidden Possible
32,701,{5: '15%'},Hidden Possible
32,845,{5: '5%'},Standard
33,173,{1: '35%'},Standard
33,175,{1: '35%'},Standard
33,742,"{1: '20%', 2: '30%'}",Standard
33,684,"{1: '10%', 2: '30%'}",Standard
33,035,{2: '20%'},Standard
33,755,"{2: '20%', 3: '40%'}",Standard
33,176,"{3: '20%', 4: '35%'}",Standard
33,036,"{3: '20%', 4: '25%', 5: '30%'}",Standard
33,743,"{3: '20%', 4: '25%', 5: '30%'}",Standard
33,756,"{4: '15%', 5: '20%'}",Hidden Possible
33,685,{5: '15%'},Hidden Possible
33,468,{5: '5%'},Hidden Possible
33,173,{1: '35%'},Standard
33,175,{1: '35%'},Standard
33,742,"{1: '20%', 2: '30%'}",Standard
33,682,"{1: '10%', 2: '30%'}",Standard
33,035,{2: '20%'},Standard
33,755,"{2: '20%', 3: '40%'}",Standard
33,176,"{3: '20%', 4: '35%'}",Standard
33,036,"{3: '20%', 4: '25%', 5: '30%'}",Standard
33,743,"{3: '20%', 4: '25%', 5: '30%'}",Standard
33,756,"{4: '15%', 5: '20%'}",Hidden Possible
33,683,{5: '15%'},Hidden Possible
33,468,{5: '5%'},Hidden Possible
34,439,{1: '35%'},Standard
34,868,{1: '35%'},Standard
34,859,"{1: '20%', 2: '30%'}",Standard
34,280,"{1: '10%', 2: '30%'}",Standard
34,035,{2: '20%'},Standard
34,281,"{2: '20%', 3: '40%'}",Standard
34,860,"{3: '20%', 4: '35%'}",Standard
34,036,"{3: '20%', 4: '25%', 5: '30%'}",Standard
34,282,"{3: '20%', 4: '25%', 5: '30%'}",Standard
34,869,"{4: '15%', 5: '20%'}",Hidden Possible
34,303,{5: '15%'},Hidden Possible
34,861,{5: '5%'},Hidden Possible
34,439,{1: '35%'},Standard
34,868,{1: '35%'},Standard
34,859,"{1: '20%', 2: '30%'}",Standard
34,280,"{1: '10%', 2: '30%'}",Standard
34,035,{2: '20%'},Standard
34,281,"{2: '20%', 3: '40%'}",Standard
34,860,"{3: '20%', 4: '35%'}",Standard
34,036,"{3: '20%', 4: '25%', 5: '30%'}",Standard
34,282,"{3: '20%', 4: '25%', 5: '30%'}",Standard
34,869,"{4: '15%', 5: '20%'}",Hidden Possible
34,078-g,{5: '15%'},Hidden Possible
34,861,{5: '5%'},Hidden Possible
35,509,{1: '35%'},Standard
35,434,{1: '35%'},Standard
35,215,"{1: '20%', 2: '30%'}",Standard
35,686,"{1: '10%', 2: '30%'}",Standard
35,624,{2: '20%'},Standard
35,510,"{2: '20%', 3: '40%'}",Standard
35,435,"{3: '20%', 4: '35%'}",Standard
35,461,"{3: '20%', 4: '25%', 5: '30%'}",Standard
35,687,"{3: '20%', 4: '25%', 5: '30%'}",Standard
35,625,"{4: '15%', 5: '20%'}",Hidden Possible
35,342,{5: '15%'},Hidden Possible
35,275,{5: '5%'},Hidden Possible
35,509,{1: '35%'},Standard
35,434,{1: '35%'},Standard
35,215,"{1: '20%', 2: '30%'}",Standard
35,686,"{1: '10%', 2: '30%'}",Standard
35,624,{2: '20%'},Standard
35,510,"{2: '20%', 3: '40%'}",Standard
35,435,"{3: '20%', 4: '35%'}",Standard
35,461,"{3: '20%', 4: '25%', 5: '30%'}",Standard
35,687,"{3: '20%', 4: '25%', 5: '30%'}",Standard
35,625,"{4: '15%', 5: '20%'}",Hidden Possible
35,342,{5: '15%'},Hidden Possible
35,302,{5: '5%'},Hidden Possible
36,827,{1: '35%'},Standard
36,263-g,{1: '35%'},Standard
36,509,"{1: '20%', 2: '30%'}",Standard
36,859,"{1: '10%', 2: '30%'}",Standard
36,633,{2: '20%'},Standard
36,828,"{2: '20%', 3: '40%'}",Standard
36,264-g,"{3: '20%', 4: '35%'}",Standard
36,860,"{3: '20%', 4: '25%', 5: '30%'}",Standard
36,861,"{3: '20%', 4: '25%', 5: '30%'}",Standard
36,634,"{4: '15%', 5: '20%'}",Standard
36,862,{5: '15%'},Hidden Possible
36,635,{5: '5%'},Standard
36,827,{1: '35%'},Standard
36,263-g,{1: '35%'},Standard
36,509,"{1: '20%', 2: '30%'}",Standard
36,859,"{1: '10%', 2: '30%'}",Standard
36,629,{2: '20%'},Standard
36,828,"{2: '20%', 3: '40%'}",Standard
36,264-g,"{3: '20%', 4: '35%'}",Standard
36,860,"{3: '20%', 4: '25%', 5: '30%'}",Standard
36,861,"{3: '20%', 4: '25%', 5: '30%'}",Standard
36,630,"{4: '15%', 5: '20%'}",Hidden Possible
36,862,{5: '15%'},Hidden Possible
36,248,{5: '5%'},Hidden Possible
37,714,{1: '35%'},Standard
37,328,{1: '35%'},Standard
37,610,"{1: '20%', 2: '30%'}",Standard
37,714,"{1: '10%', 2: '30%'}",Standard
37,782,{2: '20%'},Standard
37,329,"{2: '20%', 3: '40%'}",Standard
37,783,"{3: '20%', 4: '35%'}",Standard
37,611,"{3: '20%', 4: '25%', 5: '30%'}",Standard
37,612,"{3: '20%', 4: '25%', 5: '30%'}",Standard
37,330,"{4: '15%', 5: '20%'}",Standard
37,776,{5: '15%'},Standard
37,784,{5: '5%'},Hidden Possible
37,714,{1: '35%'},Standard
37,610,{1: '35%'},Standard
37,328,"{1: '20%', 2: '30%'}",Standard
37,714,"{1: '10%', 2: '30%'}",Standard
37,704,{2: '20%'},Standard
37,329,"{2: '20%', 3: '40%'}",Standard
37,611,"{3: '20%', 4: '35%'}",Standard
37,705,"{3: '20%', 4: '25%', 5: '30%'}",Standard
37,330,"{3: '20%', 4: '25%', 5: '30%'}",Standard
37,612,"{4: '15%', 5: '20%'}",Hidden Possible
37,780,{5: '15%'},Hidden Possible
37,706,{5: '5%'},Hidden Possible
38,714,{1: '35%'},Standard
38,840,{1: '35%'},Standard
38,782,"{1: '20%', 2: '30%'}",Standard
38,885,"{1: '10%', 2: '10%'}",Standard
38,714,{2: '30%'},Standard
38,840,"{2: '30%', 3: '40%'}",Standard
38,886,"{3: '10%', 4: '10%'}",Standard
38,715,"{3: '25%', 4: '35%', 5: '35%'}",Standard
38,783,"{3: '25%', 4: '35%', 5: '35%'}",Standard
38,784,"{4: '20%', 5: '20%'}",Hidden Possible
38,841,{5: '5%'},Hidden Possible
38,887,{5: '5%'},Hidden Possible
38,714,{1: '35%'},Standard
38,840,{1: '35%'},Standard
38,704,"{1: '20%', 2: '30%'}",Standard
38,885,"{1: '10%', 2: '10%'}",Standard
38,714,{2: '30%'},Standard
38,840,"{2: '30%', 3: '40%'}",Standard
38,886,"{3: '10%', 4: '10%'}",Standard
38,715,"{3: '25%', 4: '35%', 5: '35%'}",Standard
38,705,"{3: '25%', 4: '35%', 5: '35%'}",Standard
38,706,"{4: '20%', 5: '20%'}",Hidden Possible
38,842,{5: '5%'},Hidden Possible
38,887,{5: '5%'},Hidden Possible
39,659,{1: '35%'},Standard
39,163,{1: '35%'},Standard
39,519,"{1: '20%', 2: '30%'}",Standard
39,572,"{1: '10%', 2: '30%'}",Standard
39,694,{2: '20%'},Standard
39,759,"{2: '20%', 3: '40%'}",Standard
39,660,"{3: '20%', 4: '35%'}",Standard
39,164,"{3: '20%', 4: '25%', 5: '30%'}",Standard
39,521,"{3: '20%', 4: '25%', 5: '30%'}",Standard
39,695,"{4: '15%', 5: '20%'}",Hidden Possible
39,573,{5: '15%'},Hidden Possible
39,760,{5: '5%'},Hidden Possible
39,659,{1: '35%'},Standard
39,163,{1: '35%'},Standard
39,519,"{1: '20%', 2: '30%'}",Standard
39,572,"{1: '10%', 2: '30%'}",Standard
39,694,{2: '20%'},Standard
39,759,"{2: '20%', 3: '40%'}",Standard
39,660,"{3: '20%', 4: '35%'}",Standard
39,164,"{3: '20%', 4: '25%', 5: '30%'}",Standard
39,521,"{3: '20%', 4: '25%', 5: '30%'}",Standard
39,695,"{4: '15%', 5: '20%'}",Hidden Possible
39,573,{5: '15%'},Hidden Possible
39,760,{5: '5%'},Hidden Possible
40,819,{1: '35%'},Standard
40,831,{1: '35%'},Standard
40,263-g,"{1: '20%', 2: '40%'}",Standard
40,446,"{1: '10%', 2: '10%'}",Standard
40,876,{2: '10%'},Standard
40,820,"{2: '40%', 3: '40%'}",Standard
40,264-g,"{3: '20%', 4: '35%'}",Standard
40,820,"{3: '20%', 4: '25%', 5: '30%'}",Standard
40,832,"{3: '20%', 4: '25%', 5: '30%'}",Standard
40,660,"{4: '15%', 5: '20%'}",Hidden Possible
40,628,{5: '15%'},Hidden Possible
40,143,{5: '5%'},Hidden Possible
40,819,{1: '35%'},Standard
40,831,{1: '35%'},Standard
40,263-g,"{1: '20%', 2: '40%'}",Standard
40,446,"{1: '10%', 2: '10%'}",Standard
40,876-f,{2: '10%'},Standard
40,820,"{2: '40%', 3: '40%'}",Standard
40,264-g,"{3: '20%', 4: '35%'}",Standard
40,820,"{3: '20%', 4: '25%', 5: '30%'}",Standard
40,832,"{3: '20%', 4: '25%', 5: '30%'}",Standard
40,660,"{4: '15%', 5: '20%'}",Hidden Possible
40,765,{5: '15%'},Hidden Possible
40,143,{5: '5%'},Hidden Possible
41,535,{1: '35%'},Standard
41,090,{1: '35%'},Standard
41,170,"{1: '20%', 2: '30%'}",Standard
41,747,"{1: '10%', 2: '30%'}",Standard
41,536,{2: '20%'},Standard
41,846,"{2: '20%', 3: '40%'}",Standard
41,091,"{3: '20%', 4: '10%'}",Standard
41,171,"{3: '20%', 4: '20%', 5: '10%'}",Standard
41,746,"{3: '20%', 4: '20%', 5: '25%'}",Standard
41,537,"{4: '50%', 5: '25%'}",Hidden Possible
41,847,{5: '20%'},Hidden Possible
41,748,{5: '20%'},Hidden Possible
41,535,{1: '35%'},Standard
41,090,{1: '35%'},Standard
41,170,"{1: '20%', 2: '30%'}",Standard
41,536,"{1: '10%', 2: '30%'}",Standard
41,747,{2: '20%'},Standard
41,846,"{2: '20%', 3: '40%'}",Standard
41,748,"{3: '20%', 4: '10%'}",Standard
41,091,"{3: '20%', 4: '20%', 5: '10%'}",Standard
41,171,"{3: '20%', 4: '20%', 5: '25%'}",Standard
41,746,"{4: '50%', 5: '25%'}",Standard
41,537,{5: '20%'},Hidden Possible
41,847,{5: '20%'},Hidden Possible
42,422,{1: '35%'},Standard
42,098,{1: '35%'},Standard
42,341,"{1: '20%', 2: '30%'}",Standard
42,833,"{1: '10%', 2: '30%'}",Standard
42,688,{2: '20%'},Standard
42,771,"{2: '20%', 3: '40%'}",Standard
42,099,"{3: '20%', 4: '10%'}",Standard
42,342,"{3: '20%', 4: '20%', 5: '10%'}",Standard
42,689,"{3: '20%', 4: '20%', 5: '25%'}",Standard
42,423,"{4: '50%', 5: '25%'}",Hidden Possible
42,593,{5: '20%'},Hidden Possible
42,834,{5: '20%'},Hidden Possible
42,422,{1: '35%'},Standard
42,098,{1: '35%'},Standard
42,341,"{1: '20%', 2: '30%'}",Standard
42,833,"{1: '10%', 2: '30%'}",Standard
42,688,{2: '20%'},Standard
42,771,"{2: '20%', 3: '40%'}",Standard
42,099,"{3: '20%', 4: '10%'}",Standard
42,342,"{3: '20%', 4: '20%', 5: '10%'}",Standard
42,689,"{3: '20%', 4: '20%', 5: '25%'}",Standard
42,423,"{4: '50%', 5: '25%'}",Hidden Possible
42,593,{5: '20%'},Hidden Possible
42,834,{5: '20%'},Hidden Possible
43,092,{1: '35%'},Standard
43,562-g,{1: '35%'},Standard
43,854,"{1: '20%', 2: '30%'}",Standard
43,355,"{1: '10%', 2: '30%'}",Standard
43,093,"{2: '20%', 3: '30%'}",Standard
43,710,"{2: '20%', 3: '40%', 4: '20%'}",Standard
43,356,"{3: '30%', 4: '20%'}",Standard
43,867,{5: '1%'},Standard
43,855,"{4: '20%', 5: '45%'}",Hidden Possible
43,711,"{4: '40%', 5: '35%'}",Hidden Possible
43,477,{5: '15%'},Hidden Possible
43,094,{5: '4%'},Standard
43,092,{1: '35%'},Standard
43,562-g,{1: '35%'},Standard
43,854,"{1: '20%', 2: '30%'}",Standard
43,355,"{1: '10%', 2: '30%'}",Standard
43,093,"{2: '20%', 3: '30%'}",Standard
43,222-g,"{2: '20%', 3: '40%', 4: '20%'}",Standard
43,356,"{3: '30%', 4: '20%'}",Standard
43,302,{5: '1%'},Standard
43,867,"{4: '20%', 5: '45%'}",Standard
43,864,"{4: '40%', 5: '35%'}",Hidden Possible
43,477,{5: '15%'},Hidden Possible
43,094,{5: '4%'},Standard
44,129,{1: '68%'},Standard
44,349,{1: '2%'},Standard
44,846,"{1: '20%', 2: '30%'}",Standard
44,833,"{1: '10%', 2: '30%'}",Standard
44,747,"{2: '20%', 3: '20%'}",Standard
44,550,"{2: '20%', 3: '40%'}",Standard
44,211,"{3: '20%', 4: '20%'}",Standard
44,748,"{3: '20%', 4: '20%', 5: '18%'}",Standard
44,771,"{4: '20%', 5: '35%'}",Hidden Possible
44,130,"{4: '40%', 5: '35%'}",Hidden Possible
44,131,{5: '10%'},Hidden Possible
44,350,{5: '2%'},Hidden Possible
44,129,{1: '68%'},Standard
44,349,{1: '2%'},Standard
44,846,"{1: '20%', 2: '30%'}",Standard
44,833,"{1: '10%', 2: '30%'}",Standard
44,747,"{2: '20%', 3: '20%'}",Standard
44,550,"{2: '20%', 3: '40%'}",Standard
44,211,"{3: '20%', 4: '20%'}",Standard
44,748,"{3: '20%', 4: '20%', 5: '18%'}",Standard
44,771,"{4: '20%', 5: '35%'}",Hidden Possible
44,130,"{4: '40%', 5: '35%'}",Hidden Possible
44,131,{5: '10%'},Hidden Possible
44,350,{5: '2%'},Hidden Possible
45,447,{1: '35%'},Standard
45,436,{1: '35%'},Standard
45,624,"{1: '20%', 2: '30%'}",Standard
45,599,"{1: '10%', 2: '30%'}",Standard
45,095,"{2: '20%', 3: '20%'}",Standard
45,632,"{2: '20%', 3: '40%'}",Standard
45,600,"{3: '20%', 4: '20%'}",Standard
45,437,"{3: '20%', 4: '20%', 5: '20%'}",Standard
45,625,"{4: '20%', 5: '30%'}",Hidden Possible
45,208,"{4: '40%', 5: '30%'}",Hidden Possible
45,601,{5: '15%'},Hidden Possible
45,448,{5: '5%'},Hidden Possible
45,447,{1: '35%'},Standard
45,436,{1: '35%'},Standard
45,624,"{1: '20%', 2: '30%'}",Standard
45,599,"{1: '10%', 2: '30%'}",Standard
45,095,"{2: '20%', 3: '20%'}",Standard
45,600,"{2: '20%', 3: '40%'}",Standard
45,632,"{3: '20%', 4: '20%'}",Standard
45,437,"{3: '20%', 4: '20%', 5: '20%'}",Standard
45,625,"{4: '20%', 5: '30%'}",Hidden Possible
45,208,"{4: '40%', 5: '30%'}",Hidden Possible
45,601,{5: '15%'},Hidden Possible
45,448,{5: '5%'},Hidden Possible
46,767,{1: '35%'},Standard
46,824,{1: '35%'},Standard
46,588,"{1: '20%', 2: '30%'}",Standard
46,751,"{1: '10%', 2: '30%'}",Standard
46,616,"{2: '20%', 3: '20%'}",Standard
46,557,"{2: '20%', 3: '40%'}",Standard
46,825,"{3: '20%', 4: '20%'}",Standard
46,826,"{3: '20%', 4: '20%', 5: '20%'}",Standard
46,752,"{4: '20%', 5: '30%'}",Hidden Possible
46,768,"{4: '40%', 5: '30%'}",Standard
46,589,{5: '15%'},Hidden Possible
46,292,{5: '5%'},Standard
46,767,{1: '35%'},Standard
46,824,{1: '35%'},Standard
46,616,"{1: '20%', 2: '30%'}",Standard
46,751,"{1: '10%', 2: '30%'}",Standard
46,588,"{2: '20%', 3: '20%'}",Standard
46,557,"{2: '20%', 3: '40%'}",Standard
46,825,"{3: '20%', 4: '20%'}",Standard
46,826,"{3: '20%', 4: '20%', 5: '20%'}",Standard
46,752,"{4: '20%', 5: '30%'}",Hidden Possible
46,768,"{4: '40%', 5: '30%'}",Standard
46,617,{5: '15%'},Hidden Possible
46,292,{5: '5%'},Standard
47,679,{1: '35%'},Standard
47,562-g,{1: '35%'},Standard
47,854,"{1: '20%', 2: '30%'}",Standard
47,425,"{1: '10%', 2: '30%'}",Standard
47,680,"{2: '20%', 3: '20%'}",Standard
47,710,"{2: '20%', 3: '40%', 4: '10%'}",Standard
47,426,"{3: '20%', 4: '10%'}",Standard
47,711,"{3: '20%', 4: '20%', 5: '35%'}",Standard
47,855,"{4: '20%', 5: '30%'}",Hidden Possible
47,711,"{4: '40%', 5: '29%'}",Hidden Possible
47,867,{5: '1%'},Standard
47,681,{5: '5%'},Standard
47,679,{1: '35%'},Standard
47,562-g,{1: '35%'},Standard
47,854,"{1: '20%', 2: '30%'}",Standard
47,425,"{1: '10%', 2: '30%'}",Standard
47,680,"{2: '20%', 3: '20%'}",Standard
47,222-g,"{2: '20%', 3: '40%', 4: '10%'}",Standard
47,426,"{3: '20%', 4: '10%'}",Standard
47,302,"{3: '20%', 4: '20%', 5: '35%'}",Standard
47,855,"{4: '20%', 5: '30%'}",Hidden Possible
47,864,"{4: '40%', 5: '29%'}",Hidden Possible
47,867,{5: '1%'},Standard
47,681,{5: '5%'},Standard
48,447,{1: '35%'},Standard
48,066,{1: '35%'},Standard
48,559,"{1: '20%', 2: '30%'}",Standard
48,759,"{1: '10%', 2: '30%'}",Standard
48,760,"{2: '20%', 3: '20%'}",Standard
48,870,"{2: '20%', 3: '40%', 4: '10%'}",Standard
48,067,"{3: '20%', 4: '10%'}",Standard
48,560,"{3: '20%', 4: '20%', 5: '35%'}",Standard
48,068,"{4: '20%', 5: '30%'}",Hidden Possible
48,766,"{4: '40%', 5: '25%'}",Hidden Possible
48,448,{5: '5%'},Hidden Possible
48,475,{5: '5%'},Hidden Possible
48,447,{1: '35%'},Standard
48,066,{1: '35%'},Standard
48,453,"{1: '20%', 2: '30%'}",Standard
48,759,"{1: '10%', 2: '30%'}",Standard
48,760,"{2: '20%', 3: '20%'}",Standard
48,870,"{2: '20%', 3: '40%', 4: '10%'}",Standard
48,067,"{3: '20%', 4: '10%'}",Standard
48,454,"{3: '20%', 4: '20%', 5: '35%'}",Standard
48,068,"{4: '20%', 5: '30%'}",Hidden Possible
48,701,"{4: '40%', 5: '25%'}",Hidden Possible
48,448,{5: '5%'},Hidden Possible
48,475,{5: '5%'},Hidden Possible
49,052-g,{1: '35%'},Standard
49,436,{1: '35%'},Standard
49,624,"{1: '20%', 2: '30%'}",Standard
49,597,"{1: '10%', 2: '30%'}",Standard
49,679,"{2: '20%', 3: '30%'}",Standard
49,437,"{2: '20%', 3: '40%'}",Standard
49,863,"{4: '20%', 5: '20%'}",Hidden Possible
49,598,"{3: '30%', 4: '20%', 5: '10%'}",Standard
49,625,"{4: '20%', 5: '25%'}",Hidden Possible
49,618-g,"{4: '40%', 5: '25%'}",Hidden Possible
49,879,{5: '15%'},Hidden Possible
49,884,{5: '5%'},Hidden Possible
49,052-g,{1: '35%'},Standard
49,436,{1: '35%'},Standard
49,624,"{1: '20%', 2: '30%'}",Standard
49,597,"{1: '10%', 2: '30%'}",Standard
49,679,"{2: '20%', 3: '30%'}",Standard
49,437,"{2: '20%', 3: '40%'}",Standard
49,863,"{4: '20%', 5: '20%'}",Hidden Possible
49,598,"{3: '30%', 4: '20%', 5: '10%'}",Standard
49,625,"{4: '20%', 5: '25%'}",Hidden Possible
49,618-g,"{4: '40%', 5: '25%'}",Hidden Possible
49,879,{5: '15%'},Hidden Possible
49,884,{5: '5%'},Hidden Possible
50,686,{1: '35%'},Standard
50,280,{1: '35%'},Standard
50,122-g,"{1: '20%', 2: '30%'}",Standard
50,527,"{1: '10%', 2: '30%'}",Standard
50,856,"{2: '20%', 3: '20%'}",Standard
50,857,"{2: '20%', 3: '40%'}",Standard
50,281,"{3: '20%', 4: '20%'}",Standard
50,528,"{3: '20%', 4: '20%', 5: '20%'}",Standard
50,858,"{4: '20%', 5: '30%'}",Hidden Possible
50,866,"{4: '40%', 5: '30%'}",Hidden Possible
50,687,{5: '15%'},Hidden Possible
50,282,{5: '5%'},Hidden Possible
50,686,{1: '35%'},Standard
50,280,{1: '35%'},Standard
50,122-g,"{1: '20%', 2: '30%'}",Standard
50,527,"{1: '10%', 2: '30%'}",Standard
50,856,"{2: '20%', 3: '20%'}",Standard
50,857,"{2: '20%', 3: '40%'}",Standard
50,281,"{3: '20%', 4: '20%'}",Standard
50,528,"{3: '20%', 4: '20%', 5: '20%'}",Standard
50,858,"{4: '20%', 5: '30%'}",Hidden Possible
50,866,"{4: '40%', 5: '30%'}",Hidden Possible
50,687,{5: '15%'},Hidden Possible
50,282,{5: '5%'},Hidden Possible
51,557,{1: '35%'},Standard
51,438,{1: '35%'},Standard
51,837,"{1: '20%', 2: '30%'}",Standard
51,688,"{1: '10%', 2: '30%'}",Standard
51,838,"{2: '20%', 3: '20%'}",Standard
51,185,"{2: '20%', 3: '40%'}",Standard
51,689,"{3: '20%', 4: '20%'}",Standard
51,095,"{3: '20%', 4: '20%', 5: '20%'}",Standard
51,558,"{4: '20%', 5: '30%'}",Hidden Possible
51,839,"{4: '40%', 5: '30%'}",Hidden Possible
51,208,{5: '15%'},Hidden Possible
51,874,{5: '5%'},Standard
51,557,{1: '35%'},Standard
51,438,{1: '35%'},Standard
51,837,"{1: '20%', 2: '30%'}",Standard
51,524,"{1: '10%', 2: '30%'}",Standard
51,838,"{2: '20%', 3: '20%'}",Standard
51,246,"{2: '20%', 3: '40%'}",Standard
51,247,"{3: '20%', 4: '20%'}",Standard
51,095,"{3: '20%', 4: '20%', 5: '20%'}",Standard
51,558,"{4: '20%', 5: '30%'}",Hidden Possible
51,839,"{4: '40%', 5: '30%'}",Hidden Possible
51,208,{5: '15%'},Hidden Possible
51,248,{5: '5%'},Hidden Possible
52,194,{1: '35%'},Standard
52,339,{1: '35%'},Standard
52,562-g,"{1: '20%', 2: '30%'}",Standard
52,622,"{1: '10%', 2: '30%'}",Standard
52,536,"{2: '20%', 3: '20%'}",Standard
52,195,"{2: '20%', 3: '40%'}",Standard
52,618-g,"{3: '20%', 4: '20%'}",Standard
52,623,"{3: '20%', 4: '20%', 5: '30%'}",Standard
52,423,"{4: '20%', 5: '35%'}",Hidden Possible
52,537,"{4: '40%', 5: '30%'}",Hidden Possible
52,867,{5: '1%'},Standard
52,464,{5: '4%'},Hidden Possible
52,194,{1: '35%'},Standard
52,339,{1: '35%'},Standard
52,562-g,"{1: '20%', 2: '30%'}",Standard
52,622,"{1: '10%', 2: '30%'}",Standard
52,536,"{2: '20%', 3: '20%'}",Standard
52,195,"{2: '20%', 3: '40%'}",Standard
52,618-g,"{3: '20%', 4: '20%'}",Standard
52,623,"{3: '20%', 4: '20%', 5: '30%'}",Standard
52,423,"{4: '20%', 5: '35%'}",Hidden Possible
52,537,"{4: '40%', 5: '30%'}",Hidden Possible
52,867,{5: '1%'},Standard
52,464,{5: '4%'},Hidden Possible
53,037,{1: '35%'},Standard
53,850,{1: '35%'},Standard
53,607,"{1: '20%', 2: '30%'}",Standard
53,004,"{1: '10%', 2: '30%'}",Standard
53,005,"{2: '20%', 3: '20%'}",Standard
53,038,"{2: '20%', 3: '40%'}",Standard
53,631,"{3: '20%', 4: '20%'}",Standard
53,324,"{3: '20%', 4: '20%', 5: '20%'}",Standard
53,038,"{4: '20%', 5: '30%'}",Hidden Possible
53,758,"{4: '40%', 5: '30%'}",Hidden Possible
53,851,{5: '15%'},Hidden Possible
53,006,{5: '5%'},Hidden Possible
53,058,{1: '35%'},Standard
53,850,{1: '35%'},Standard
53,607,"{1: '20%', 2: '30%'}",Standard
53,004,"{1: '10%', 2: '30%'}",Standard
53,005,"{2: '20%', 3: '20%'}",Standard
53,631,"{2: '20%', 3: '40%'}",Standard
53,631,"{3: '20%', 4: '20%'}",Standard
53,324,"{3: '20%', 4: '20%', 5: '20%'}",Standard
53,758,"{4: '20%', 5: '30%'}",Hidden Possible
53,059,"{4: '40%', 5: '30%'}",Hidden Possible
53,851,{5: '15%'},Hidden Possible
53,006,{5: '5%'},Hidden Possible
54,037,{1: '35%'},Standard
54,850,{1: '35%'},Standard
54,607,"{1: '20%', 2: '30%'}",Standard
54,757,"{1: '10%', 2: '30%'}",Standard
54,838,"{2: '20%', 3: '20%'}",Standard
54,608,"{2: '20%', 3: '40%'}",Standard
54,631,"{3: '20%', 4: '20%'}",Standard
54,324,"{3: '20%', 4: '20%', 5: '20%'}",Standard
54,038,"{4: '20%', 5: '30%'}",Hidden Possible
54,609,"{4: '40%', 5: '30%'}",Hidden Possible
54,839,{5: '15%'},Hidden Possible
54,776,{5: '5%'},Standard
54,058,{1: '35%'},Standard
54,850,{1: '35%'},Standard
54,607,"{1: '20%', 2: '30%'}",Standard
54,757,"{1: '10%', 2: '30%'}",Standard
54,838,"{2: '20%', 3: '20%'}",Standard
54,631,"{2: '20%', 3: '40%'}",Standard
54,608,"{3: '20%', 4: '20%'}",Standard
54,324,"{3: '20%', 4: '20%', 5: '20%'}",Standard
54,059,"{4: '20%', 5: '30%'}",Hidden Possible
54,609,"{4: '40%', 5: '30%'}",Hidden Possible
54,839,{5: '15%'},Hidden Possible
54,758,{5: '5%'},Hidden Possible
55,582,{1: '35%'},Standard
55,554-g,{1: '35%'},Standard
55,122-g,"{1: '20%', 2: '30%'}",Standard
55,712,"{1: '10%', 2: '40%'}",Standard
55,361,"{2: '25%', 3: '30%'}",Standard
55,225,"{2: '5%', 3: '5%'}",Standard
55,713,"{3: '35%', 4: '20%'}",Standard
55,362,"{3: '30%', 4: '20%', 5: '10%'}",Standard
55,584,"{4: '20%', 5: '25%'}",Hidden Possible
55,866,"{4: '40%', 5: '25%'}",Hidden Possible
55,131,{5: '35%'},Hidden Possible
55,555-g,{5: '5%'},Hidden Possible
55,582,{1: '35%'},Standard
55,613,{1: '35%'},Standard
55,122-g,"{1: '20%', 2: '30%'}",Standard
55,712,"{1: '10%', 2: '40%'}",Standard
55,361,"{2: '25%', 3: '30%'}",Standard
55,225,"{2: '5%', 3: '5%'}",Standard
55,713,"{3: '35%', 4: '20%'}",Standard
55,362,"{3: '30%', 4: '20%', 5: '10%'}",Standard
55,584,"{4: '20%', 5: '25%'}",Hidden Possible
55,866,"{4: '40%', 5: '25%'}",Hidden Possible
55,131,{5: '35%'},Hidden Possible
55,875,{5: '5%'},Standard
56,835,{1: '35%'},Standard
56,848,{1: '35%'},Standard
56,025,"{1: '20%', 2: '30%'}",Standard
56,595,"{1: '10%', 2: '30%'}",Standard
56,170,"{2: '20%', 3: '20%'}",Standard
56,171,"{2: '20%', 3: '40%'}",Standard
56,836,"{3: '20%', 4: '20%', 5: '10%'}",Standard
56,849,"{3: '20%', 4: '20%', 5: '20%'}",Standard
56,871,"{4: '20%', 5: '25%'}",Hidden Possible
56,596,"{4: '40%', 5: '25%'}",Hidden Possible
56,777,{5: '15%'},Hidden Possible
56,877,{5: '5%'},Standard
56,835,{1: '35%'},Standard
56,848,{1: '35%'},Standard
56,025,"{1: '20%', 2: '30%'}",Standard
56,595,"{1: '10%', 2: '30%'}",Standard
56,170,"{2: '20%', 3: '20%'}",Standard
56,171,"{2: '20%', 3: '40%'}",Standard
56,836,"{3: '20%', 4: '20%', 5: '10%'}",Standard
56,849,"{3: '20%', 4: '20%', 5: '20%'}",Standard
56,871,"{4: '20%', 5: '25%'}",Hidden Possible
56,596,"{4: '40%', 5: '25%'}",Hidden Possible
56,777,{5: '15%'},Hidden Possible
56,877,{5: '5%'},Standard
57,172,{1: '35%'},Standard
57,309,{1: '35%'},Standard
57,848,"{1: '20%', 2: '30%'}",Standard
57,694,"{1: '10%', 2: '30%'}",Standard
57,595,"{2: '20%', 3: '20%'}",Standard
57,025,"{2: '20%', 3: '40%'}",Standard
57,025,"{3: '20%', 4: '20%', 5: '10%'}",Standard
57,479-m,"{3: '20%', 4: '20%', 5: '20%'}",Standard
57,479-s,"{4: '20%', 5: '25%'}",Standard
57,479-w,"{4: '40%', 5: '25%'}",Standard
57,479-f,{5: '15%'},Standard
57,479-h,{5: '5%'},Standard
57,172,{1: '35%'},Standard
57,309,{1: '35%'},Standard
57,848,"{1: '20%', 2: '30%'}",Standard
57,694,"{1: '10%', 2: '30%'}",Standard
57,595,"{2: '20%', 3: '20%'}",Standard
57,025,"{2: '20%', 3: '40%'}",Standard
57,025,"{3: '20%', 4: '20%', 5: '10%'}",Standard
57,479-m,"{3: '20%', 4: '20%', 5: '20%'}",Standard
57,479-s,"{4: '20%', 5: '25%'}",Standard
57,479-w,"{4: '40%', 5: '25%'}",Standard
57,479-f,{5: '15%'},Standard
57,479-h,{5: '5%'},Standard
58,406,{1: '35%'},Standard
58,273,{1: '35%'},Standard
58,829,"{1: '20%', 2: '30%'}",Standard
58,597,"{1: '10%', 2: '30%'}",Standard
58,274,"{2: '20%', 3: '20%'}",Standard
58,840,"{2: '20%', 3: '40%'}",Standard
58,315,"{3: '20%', 4: '20%', 5: '10%'}",Standard
58,275,"{3: '20%', 4: '20%', 5: '20%'}",Standard
58,830,"{4: '20%', 5: '25%'}",Hidden Possible
58,598,"{4: '40%', 5: '25%'}",Hidden Possible
58,407,{5: '15%'},Hidden Possible
58,841,{5: '5%'},Hidden Possible
58,406,{1: '35%'},Standard
58,270,{1: '35%'},Standard
58,829,"{1: '20%', 2: '30%'}",Standard
58,597,"{1: '10%', 2: '30%'}",Standard
58,271,"{2: '20%', 3: '20%'}",Standard
58,840,"{2: '20%', 3: '40%'}",Standard
58,315,"{3: '20%', 4: '20%', 5: '10%'}",Standard
58,272,"{3: '20%', 4: '20%', 5: '20%'}",Standard
58,830,"{4: '20%', 5: '25%'}",Hidden Possible
58,598,"{4: '40%', 5: '25%'}",Hidden Possible
58,407,{5: '15%'},Hidden Possible
58,842,{5: '5%'},Hidden Possible
59,420,{1: '35%'},Standard
59,273,{1: '35%'},Standard
59,829,"{1: '20%', 2: '30%'}",Standard
59,546,"{1: '10%', 2: '30%'}",Standard
59,274,"{2: '20%', 3: '20%'}",Standard
59,755,"{2: '20%', 3: '40%'}",Standard
59,421,"{3: '20%', 4: '20%', 5: '10%'}",Standard
59,756,"{3: '20%', 4: '20%', 5: '20%'}",Standard
59,830,"{4: '20%', 5: '25%'}",Hidden Possible
59,547,"{4: '40%', 5: '25%'}",Hidden Possible
59,275,{5: '15%'},Hidden Possible
59,781,{5: '5%'},Standard
59,420,{1: '35%'},Standard
59,270,{1: '35%'},Standard
59,829,"{1: '20%', 2: '30%'}",Standard
59,546,"{1: '10%', 2: '30%'}",Standard
59,271,"{2: '20%', 3: '20%'}",Standard
59,755,"{2: '20%', 3: '40%'}",Standard
59,421,"{3: '20%', 4: '20%', 5: '10%'}",Standard
59,756,"{3: '20%', 4: '20%', 5: '20%'}",Standard
59,830,"{4: '20%', 5: '25%'}",Hidden Possible
59,547,"{4: '40%', 5: '25%'}",Hidden Possible
59,272,{5: '15%'},Hidden Possible
59,781,{5: '5%'},Standard
60,434,{1: '35%'},Standard
60,568,{1: '35%'},Standard
60,451,"{1: '20%', 2: '30%'}",Standard
60,109,"{1: '10%', 2: '30%'}",Standard
60,747,"{2: '20%', 3: '20%'}",Standard
60,848,"{2: '20%', 3: '40%'}",Standard
60,569,"{3: '20%', 4: '20%', 5: '10%'}",Standard
60,452,"{3: '20%', 4: '20%', 5: '20%'}",Standard
60,849,"{4: '20%', 5: '25%'}",Hidden Possible
60,435,"{4: '40%', 5: '25%'}",Hidden Possible
60,110-g,{5: '15%'},Hidden Possible
60,748,{5: '5%'},Hidden Possible
60,434,{1: '35%'},Standard
60,568,{1: '35%'},Standard
60,451,"{1: '20%', 2: '30%'}",Standard
60,109,"{1: '10%', 2: '30%'}",Standard
60,757,"{2: '20%', 3: '20%'}",Standard
60,848,"{2: '20%', 3: '40%'}",Standard
60,569,"{3: '20%', 4: '20%', 5: '10%'}",Standard
60,452,"{3: '20%', 4: '20%', 5: '20%'}",Standard
60,849,"{4: '20%', 5: '25%'}",Hidden Possible
60,435,"{4: '40%', 5: '25%'}",Hidden Possible
60,110-g,{5: '15%'},Hidden Possible
60,758,{5: '5%'},Hidden Possible
61,177,{1: '35%'},Standard
61,163,{1: '35%'},Standard
61,821,"{1: '20%', 2: '30%'}",Standard
61,278,"{1: '10%', 2: '30%'}",Standard
61,012,"{2: '20%', 3: '20%'}",Standard
61,822,"{2: '20%', 3: '40%'}",Standard
61,164,"{3: '20%', 4: '20%', 5: '10%'}",Standard
61,279,"{3: '20%', 4: '20%', 5: '20%'}",Standard
61,178,"{4: '20%', 5: '25%'}",Hidden Possible
61,701,"{4: '40%', 5: '25%'}",Hidden Possible
61,823,{5: '15%'},Hidden Possible
61,225,{5: '5%'},Hidden Possible
61,177,{1: '35%'},Standard
61,163,{1: '35%'},Standard
61,821,"{1: '20%', 2: '30%'}",Standard
61,278,"{1: '10%', 2: '30%'}",Standard
61,012,"{2: '20%', 3: '20%'}",Standard
61,822,"{2: '20%', 3: '40%'}",Standard
61,164,"{3: '20%', 4: '20%', 5: '10%'}",Standard
61,279,"{3: '20%', 4: '20%', 5: '20%'}",Standard
61,178,"{4: '20%', 5: '25%'}",Hidden Possible
61,701,"{4: '40%', 5: '25%'}",Hidden Possible
61,823,{5: '15%'},Hidden Possible
61,225,{5: '5%'},Hidden Possible
62,175,{1: '35%'},Standard
62,755,{1: '35%'},Standard
62,859,"{1: '20%', 2: '30%'}",Standard
62,280,"{1: '10%', 2: '30%'}",Standard
62,176,"{2: '20%', 3: '20%'}",Standard
62,756,"{2: '20%', 3: '40%'}",Standard
62,860,"{3: '20%', 4: '20%', 5: '10%'}",Standard
62,303,"{3: '20%', 4: '20%', 5: '20%'}",Standard
62,282,"{4: '20%', 5: '25%'}",Hidden Possible
62,468,"{4: '40%', 5: '25%'}",Hidden Possible
62,861,{5: '15%'},Hidden Possible
62,778,{5: '5%'},Standard
62,175,{1: '35%'},Standard
62,755,{1: '35%'},Standard
62,859,"{1: '20%', 2: '30%'}",Standard
62,280,"{1: '10%', 2: '30%'}",Standard
62,176,"{2: '20%', 3: '20%'}",Standard
62,756,"{2: '20%', 3: '40%'}",Standard
62,860,"{3: '20%', 4: '20%', 5: '10%'}",Standard
62,078-g,"{3: '20%', 4: '20%', 5: '20%'}",Standard
62,282,"{4: '20%', 5: '25%'}",Hidden Possible
62,468,"{4: '40%', 5: '25%'}",Hidden Possible
62,861,{5: '15%'},Hidden Possible
62,778,{5: '5%'},Standard
63,827,{1: '35%'},Standard
63,263-g,{1: '35%'},Standard
63,559,"{1: '20%', 2: '30%'}",Standard
63,215,"{1: '10%', 2: '30%'}",Standard
63,510,"{2: '20%', 3: '20%'}",Standard
63,264-g,"{2: '20%', 3: '40%'}",Standard
63,828,"{3: '20%', 4: '20%', 5: '10%'}",Standard
63,675,"{3: '20%', 4: '20%', 5: '20%'}",Standard
63,461,"{4: '20%', 5: '25%'}",Hidden Possible
63,560,"{4: '40%', 5: '25%'}",Hidden Possible
63,862,{5: '15%'},Hidden Possible
63,635,{5: '5%'},Standard
63,827,{1: '35%'},Standard
63,263-g,{1: '35%'},Standard
63,629,"{1: '20%', 2: '30%'}",Standard
63,215,"{1: '10%', 2: '30%'}",Standard
63,510,"{2: '20%', 3: '20%'}",Standard
63,264-g,"{2: '20%', 3: '40%'}",Standard
63,828,"{3: '20%', 4: '20%', 5: '10%'}",Standard
63,675,"{3: '20%', 4: '20%', 5: '20%'}",Standard
63,461,"{4: '20%', 5: '25%'}",Hidden Possible
63,630,"{4: '40%', 5: '25%'}",Hidden Possible
63,862,{5: '15%'},Hidden Possible
63,248,{5: '5%'},Hidden Possible
64,328,{1: '35%'},Standard
64,840,{1: '35%'},Standard
64,610,"{1: '20%', 2: '30%'}",Standard
64,782,"{1: '10%', 2: '30%'}",Standard
64,885,"{2: '20%', 3: '20%'}",Standard
64,611,"{2: '20%', 3: '40%'}",Standard
64,783,"{3: '20%', 4: '20%', 5: '10%'}",Standard
64,776,"{3: '20%', 4: '20%', 5: '20%'}",Standard
64,784,"{4: '20%', 5: '25%'}",Hidden Possible
64,886,"{4: '40%', 5: '25%'}",Hidden Possible
64,612,{5: '15%'},Hidden Possible
64,887,{5: '5%'},Hidden Possible
64,610,{1: '35%'},Standard
64,840,{1: '35%'},Standard
64,328,"{1: '20%', 2: '30%'}",Standard
64,704,"{1: '10%', 2: '30%'}",Standard
64,885,"{2: '20%', 3: '20%'}",Standard
64,329,"{2: '20%', 3: '40%'}",Standard
64,705,"{3: '20%', 4: '20%', 5: '10%'}",Standard
64,780,"{3: '20%', 4: '20%', 5: '20%'}",Standard
64,706,"{4: '20%', 5: '25%'}",Hidden Possible
64,886,"{4: '40%', 5: '25%'}",Hidden Possible
64,330,{5: '15%'},Standard
64,887,{5: '5%'},Hidden Possible
65,659,{1: '35%'},Standard
65,519,{1: '35%'},Standard
65,819,"{1: '20%', 2: '40%'}",Standard
65,133,"{1: '10%', 2: '10%'}",Standard
65,520,"{2: '25%', 3: '20%'}",Standard
65,831,"{2: '25%', 3: '40%'}",Standard
65,521,"{3: '20%', 4: '20%', 5: '10%'}",Standard
65,832,"{3: '20%', 4: '20%', 5: '20%'}",Standard
65,628,"{4: '20%', 5: '25%'}",Hidden Possible
65,876,"{4: '40%', 5: '25%'}",Hidden Possible
65,133,{5: '15%'},Hidden Possible
65,143,{5: '5%'},Hidden Possible
65,659,{1: '35%'},Standard
65,519,{1: '35%'},Standard
65,819,"{1: '20%', 2: '40%'}",Standard
65,133,"{1: '10%', 2: '10%'}",Standard
65,520,"{2: '25%', 3: '20%'}",Standard
65,831,"{2: '25%', 3: '40%'}",Standard
65,521,"{3: '20%', 4: '20%', 5: '10%'}",Standard
65,832,"{3: '20%', 4: '20%', 5: '20%'}",Standard
65,765,"{4: '20%', 5: '25%'}",Hidden Possible
65,876-f,"{4: '40%', 5: '25%'}",Hidden Possible
65,133,{5: '15%'},Hidden Possible
65,143,{5: '5%'},Hidden Possible
66,132,{1: '25%'},Standard
66,132,{1: '25%'},Standard
66,132,"{1: '25%', 2: '25%'}",Standard
66,132,"{1: '25%', 2: '25%'}",Standard
66,132,"{2: '25%', 3: '25%'}",Standard
66,132,"{2: '25%', 3: '25%'}",Standard
66,132,"{3: '25%', 4: '25%'}",Standard
66,132,"{3: '25%', 4: '25%'}",Standard
66,132,"{4: '25%', 5: '25%'}",Hidden Possible
66,132,"{4: '25%', 5: '25%'}",Hidden Possible
66,132,{5: '25%'},Hidden Possible
66,132,{5: '25%'},Hidden Possible
66,132,{1: '25%'},Standard
66,132,{1: '25%'},Standard
66,132,"{1: '25%', 2: '25%'}",Standard
66,132,"{1: '25%', 2: '25%'}",Standard
66,132,"{2: '25%', 3: '25%'}",Standard
66,132,"{2: '25%', 3: '25%'}",Standard
66,132,"{3: '25%', 4: '25%'}",Standard
66,132,"{3: '25%', 4: '25%'}",Standard
66,132,"{4: '25%', 5: '25%'}",Hidden Possible
66,132,"{4: '25%', 5: '25%'}",Hidden Possible
66,132,{5: '25%'},Hidden Possible
66,132,{5: '25%'},Hidden Possible
67,458,{1: '68%'},Standard
67,341,{1: '2%'},Standard
67,846,"{1: '20%', 2: '30%'}",Standard
67,833,"{1: '10%', 2: '30%'}",Standard
67,747,"{2: '20%', 3: '20%'}",Standard
67,550,"{2: '20%', 3: '40%'}",Standard
67,342,"{3: '20%', 4: '20%'}",Standard
67,748,"{3: '20%', 4: '20%', 5: '15%'}",Standard
67,771,"{4: '20%', 5: '35%'}",Hidden Possible
67,226,"{4: '40%', 5: '35%'}",Hidden Possible
67,131,{5: '10%'},Hidden Possible
67,134,{5: '5%'},Hidden Possible
67,458,{1: '68%'},Standard
67,341,{1: '2%'},Standard
67,846,"{1: '20%', 2: '30%'}",Standard
67,833,"{1: '10%', 2: '30%'}",Standard
67,747,"{2: '20%', 3: '20%'}",Standard
67,550,"{2: '20%', 3: '40%'}",Standard
67,342,"{3: '20%', 4: '20%'}",Standard
67,748,"{3: '20%', 4: '20%', 5: '15%'}",Standard
67,771,"{4: '20%', 5: '35%'}",Hidden Possible
67,226,"{4: '40%', 5: '35%'}",Hidden Possible
67,131,{5: '10%'},Hidden Possible
67,134,{5: '5%'},Hidden Possible
68,686,{1: '35%'},Standard
68,436,{1: '35%'},Standard
68,122-g,"{1: '20%', 2: '30%'}",Standard
68,527,"{1: '10%', 2: '30%'}",Standard
68,856,"{2: '20%', 3: '20%'}",Standard
68,857,"{2: '20%', 3: '40%'}",Standard
68,437,"{3: '20%', 4: '20%'}",Standard
68,528,"{3: '20%', 4: '20%', 5: '20%'}",Standard
68,687,"{4: '20%', 5: '30%'}",Hidden Possible
68,866,"{4: '40%', 5: '30%'}",Hidden Possible
68,858,{5: '15%'},Hidden Possible
68,196,{5: '5%'},Hidden Possible
68,686,{1: '35%'},Standard
68,436,{1: '35%'},Standard
68,122-g,"{1: '20%', 2: '30%'}",Standard
68,527,"{1: '10%', 2: '30%'}",Standard
68,856,"{2: '20%', 3: '20%'}",Standard
68,857,"{2: '20%', 3: '40%'}",Standard
68,437,"{3: '20%', 4: '20%'}",Standard
68,528,"{3: '20%', 4: '20%', 5: '20%'}",Standard
68,687,"{4: '20%', 5: '30%'}",Hidden Possible
68,866,"{4: '40%', 5: '30%'}",Hidden Possible
68,858,{5: '15%'},Hidden Possible
68,196,{5: '5%'},Hidden Possible
69,827,{1: '35%'},Standard
69,263-g,{1: '35%'},Standard
69,686,"{1: '20%', 2: '30%'}",Standard
69,624,"{1: '10%', 2: '30%'}",Standard
69,510,"{2: '20%', 3: '20%'}",Standard
69,264-g,"{2: '20%', 3: '40%'}",Standard
69,828,"{3: '20%', 4: '20%', 5: '10%'}",Standard
69,675,"{3: '20%', 4: '20%', 5: '20%'}",Standard
69,625,"{4: '20%', 5: '25%'}",Hidden Possible
69,687,"{4: '40%', 5: '25%'}",Hidden Possible
69,862,{5: '15%'},Hidden Possible
69,197,{5: '5%'},Hidden Possible
69,827,{1: '35%'},Standard
69,263-g,{1: '35%'},Standard
69,686,"{1: '20%', 2: '30%'}",Standard
69,624,"{1: '10%', 2: '30%'}",Standard
69,510,"{2: '20%', 3: '20%'}",Standard
69,264-g,"{2: '20%', 3: '40%'}",Standard
69,828,"{3: '20%', 4: '20%', 5: '10%'}",Standard
69,675,"{3: '20%', 4: '20%', 5: '20%'}",Standard
69,625,"{4: '20%', 5: '25%'}",Hidden Possible
69,687,"{4: '40%', 5: '25%'}",Hidden Possible
69,862,{5: '15%'},Hidden Possible
69,197,{5: '5%'},Hidden Possible
70,420,{1: '35%'},Standard
70,761,{1: '35%'},Standard
70,829,"{1: '20%', 2: '30%'}",Standard
70,546,"{1: '10%', 2: '30%'}",Standard
70,762,"{2: '20%', 3: '20%'}",Standard
70,597,"{2: '20%', 3: '40%'}",Standard
70,421,"{3: '20%', 4: '20%', 5: '10%'}",Standard
70,598,"{3: '20%', 4: '20%', 5: '20%'}",Standard
70,830,"{4: '20%', 5: '25%'}",Hidden Possible
70,763,"{4: '40%', 5: '25%'}",Hidden Possible
70,547,{5: '15%'},Hidden Possible
70,470,{5: '5%'},Hidden Possible
70,420,{1: '35%'},Standard
70,761,{1: '35%'},Standard
70,829,"{1: '20%', 2: '30%'}",Standard
70,546,"{1: '10%', 2: '30%'}",Standard
70,762,"{2: '20%', 3: '20%'}",Standard
70,597,"{2: '20%', 3: '40%'}",Standard
70,421,"{3: '20%', 4: '20%', 5: '10%'}",Standard
70,598,"{3: '20%', 4: '20%', 5: '20%'}",Standard
70,830,"{4: '20%', 5: '25%'}",Hidden Possible
70,763,"{4: '40%', 5: '25%'}",Hidden Possible
70,547,{5: '15%'},Hidden Possible
70,470,{5: '5%'},Hidden Possible
71,037,{1: '35%'},Standard
71,850,{1: '35%'},Standard
71,607,"{1: '20%', 2: '30%'}",Standard
71,037,"{1: '10%', 2: '30%'}",Standard
71,838,"{2: '20%', 3: '20%'}",Standard
71,608,"{2: '20%', 3: '40%'}",Standard
71,631,"{3: '20%', 4: '20%'}",Standard
71,324,"{3: '20%', 4: '20%', 5: '20%'}",Standard
71,059,"{4: '10%', 5: '30%'}",Hidden Possible
71,038,"{4: '50%', 5: '30%'}",Hidden Possible
71,609,{5: '15%'},Hidden Possible
71,136,{5: '5%'},Hidden Possible
71,058,{1: '35%'},Standard
71,850,{1: '35%'},Standard
71,607,"{1: '20%', 2: '30%'}",Standard
71,058,"{1: '10%', 2: '30%'}",Standard
71,838,"{2: '20%', 3: '20%'}",Standard
71,631,"{2: '20%', 3: '40%'}",Standard
71,608,"{3: '20%', 4: '20%'}",Standard
71,324,"{3: '20%', 4: '20%', 5: '20%'}",Standard
71,038,"{4: '10%', 5: '30%'}",Hidden Possible
71,059,"{4: '50%', 5: '30%'}",Hidden Possible
71,609,{5: '15%'},Hidden Possible
71,136,{5: '5%'},Hidden Possible
72,835,{1: '35%'},Standard
72,848,{1: '35%'},Standard
72,025,"{1: '20%', 2: '30%'}",Standard
72,694,"{1: '10%', 2: '30%'}",Standard
72,170,"{2: '20%', 3: '20%'}",Standard
72,171,"{2: '20%', 3: '40%'}",Standard
72,836,"{3: '20%', 4: '20%', 5: '10%'}",Standard
72,849,"{3: '20%', 4: '20%', 5: '20%'}",Standard
72,695,"{4: '20%', 5: '25%'}",Hidden Possible
72,738,"{4: '40%', 5: '25%'}",Standard
72,025,{5: '15%'},Hidden Possible
72,135,{5: '5%'},Hidden Possible
72,835,{1: '35%'},Standard
72,848,{1: '35%'},Standard
72,025,"{1: '20%', 2: '30%'}",Standard
72,694,"{1: '10%', 2: '30%'}",Standard
72,170,"{2: '20%', 3: '20%'}",Standard
72,171,"{2: '20%', 3: '40%'}",Standard
72,836,"{3: '20%', 4: '20%', 5: '10%'}",Standard
72,849,"{3: '20%', 4: '20%', 5: '20%'}",Standard
72,695,"{4: '20%', 5: '25%'}",Hidden Possible
72,738,"{4: '40%', 5: '25%'}",Standard
72,025,{5: '15%'},Hidden Possible
72,135,{5: '5%'},Hidden Possible
73,582,{1: '35%'},Standard
73,872,{1: '35%'},Standard
73,122-g,"{1: '20%', 2: '30%'}",Standard
73,712,"{1: '10%', 2: '40%'}",Standard
73,361,"{2: '25%', 3: '30%'}",Standard
73,583,"{2: '5%', 3: '5%'}",Standard
73,713,"{3: '35%', 4: '20%'}",Standard
73,873,"{3: '30%', 4: '20%', 5: '35%'}",Standard
73,584,"{4: '20%', 5: '25%'}",Hidden Possible
73,866,"{4: '40%', 5: '25%'}",Hidden Possible
73,478,{5: '10%'},Hidden Possible
73,471,{5: '5%'},Hidden Possible
73,582,{1: '35%'},Standard
73,872,{1: '35%'},Standard
73,122-g,"{1: '20%', 2: '30%'}",Standard
73,712,"{1: '10%', 2: '40%'}",Standard
73,361,"{2: '25%', 3: '30%'}",Standard
73,583,"{2: '5%', 3: '5%'}",Standard
73,713,"{3: '35%', 4: '20%'}",Standard
73,873,"{3: '30%', 4: '20%', 5: '35%'}",Standard
73,584,"{4: '20%', 5: '25%'}",Hidden Possible
73,866,"{4: '40%', 5: '25%'}",Hidden Possible
73,478,{5: '10%'},Hidden Possible
73,471,{5: '5%'},Hidden Possible
74,175,{1: '35%'},Standard
74,684,{1: '35%'},Standard
74,859,"{1: '20%', 2: '30%'}",Standard
74,280,"{1: '10%', 2: '30%'}",Standard
74,176,"{2: '20%', 3: '20%'}",Standard
74,860,"{2: '20%', 3: '40%'}",Standard
74,685,"{3: '20%', 4: '20%', 5: '10%'}",Standard
74,868,"{3: '20%', 4: '20%', 5: '20%'}",Standard
74,282,"{4: '20%', 5: '25%'}",Hidden Possible
74,861,"{4: '40%', 5: '25%'}",Hidden Possible
74,468,{5: '15%'},Hidden Possible
74,700,{5: '5%'},Hidden Possible
74,175,{1: '35%'},Standard
74,682,{1: '35%'},Standard
74,859,"{1: '20%', 2: '30%'}",Standard
74,280,"{1: '10%', 2: '30%'}",Standard
74,176,"{2: '20%', 3: '20%'}",Standard
74,860,"{2: '20%', 3: '40%'}",Standard
74,683,"{3: '20%', 4: '20%', 5: '10%'}",Standard
74,868,"{3: '20%', 4: '20%', 5: '20%'}",Standard
74,282,"{4: '20%', 5: '25%'}",Hidden Possible
74,861,"{4: '40%', 5: '25%'}",Hidden Possible
74,468,{5: '15%'},Hidden Possible
74,700,{5: '5%'},Hidden Possible
75,129,{1: '68%'},Standard
75,751,{1: '2%'},Standard
75,194,"{1: '20%', 2: '30%'}",Standard
75,339,"{1: '10%', 2: '30%'}",Standard
75,098,"{2: '20%', 3: '20%'}",Standard
75,746,"{2: '20%', 3: '40%'}",Standard
75,099,"{3: '20%', 4: '20%'}",Standard
75,340,"{3: '20%', 4: '20%', 5: '10%'}",Standard
75,211,"{4: '20%', 5: '35%'}",Hidden Possible
75,195,"{4: '40%', 5: '35%'}",Hidden Possible
75,752,{5: '10%'},Hidden Possible
75,130,{5: '10%'},Hidden Possible
75,129,{1: '68%'},Standard
75,751,{1: '2%'},Standard
75,194,"{1: '20%', 2: '30%'}",Standard
75,339,"{1: '10%', 2: '30%'}",Standard
75,098,"{2: '20%', 3: '20%'}",Standard
75,746,"{2: '20%', 3: '40%'}",Standard
75,099,"{3: '20%', 4: '20%'}",Standard
75,340,"{3: '20%', 4: '20%', 5: '10%'}",Standard
75,211,"{4: '20%', 5: '35%'}",Hidden Possible
75,195,"{4: '40%', 5: '35%'}",Hidden Possible
75,752,{5: '10%'},Hidden Possible
75,130,{5: '10%'},Hidden Possible
76,458,{1: '68%'},Standard
76,223,{1: '2%'},Standard
76,320,"{1: '20%', 2: '30%'}",Standard
76,688,"{1: '10%', 2: '30%'}",Standard
76,098,"{2: '20%', 3: '20%'}",Standard
76,771,"{2: '20%', 3: '40%'}",Standard
76,099,"{3: '20%', 4: '20%'}",Standard
76,550,"{3: '20%', 4: '20%', 5: '10%'}",Standard
76,211,"{4: '20%', 5: '35%'}",Hidden Possible
76,224,"{4: '40%', 5: '35%'}",Hidden Possible
76,321,{5: '10%'},Hidden Possible
76,226,{5: '10%'},Hidden Possible
76,458,{1: '68%'},Standard
76,223,{1: '2%'},Standard
76,320,"{1: '20%', 2: '30%'}",Standard
76,688,"{1: '10%', 2: '30%'}",Standard
76,098,"{2: '20%', 3: '20%'}",Standard
76,771,"{2: '20%', 3: '40%'}",Standard
76,099,"{3: '20%', 4: '20%'}",Standard
76,550,"{3: '20%', 4: '20%', 5: '10%'}",Standard
76,211,"{4: '20%', 5: '35%'}",Hidden Possible
76,224,"{4: '40%', 5: '35%'}",Hidden Possible
76,321,{5: '10%'},Hidden Possible
76,226,{5: '10%'},Hidden Possible
77,037,{1: '35%'},Standard
77,850,{1: '35%'},Standard
77,607,"{1: '20%', 2: '30%'}",Standard
77,004,"{1: '10%', 2: '30%'}",Standard
77,005,"{2: '20%', 3: '20%'}",Standard
77,038,"{2: '20%', 3: '40%'}",Standard
77,631,"{3: '20%', 4: '20%'}",Standard
77,324,"{3: '20%', 4: '20%', 5: '20%'}",Standard
77,038,"{4: '20%', 5: '30%'}",Hidden Possible
77,758,"{4: '40%', 5: '30%'}",Hidden Possible
77,851,{5: '15%'},Hidden Possible
77,006-gi,{5: '5%'},Hidden Possible
77,058,{1: '35%'},Standard
77,850,{1: '35%'},Standard
77,607,"{1: '20%', 2: '30%'}",Standard
77,004,"{1: '10%', 2: '30%'}",Standard
77,005,"{2: '20%', 3: '20%'}",Standard
77,631,"{2: '20%', 3: '40%'}",Standard
77,631,"{3: '20%', 4: '20%'}",Standard
77,324,"{3: '20%', 4: '20%', 5: '20%'}",Standard
77,758,"{4: '20%', 5: '30%'}",Hidden Possible
77,059,"{4: '40%', 5: '30%'}",Hidden Possible
77,851,{5: '15%'},Hidden Possible
77,006-gi,{5: '5%'},Hidden Possible
78,129,{1: '35%'},Standard
78,846,{1: '35%'},Standard
78,833,"{1: '20%', 2: '30%'}",Standard
78,098,"{1: '10%', 2: '30%'}",Standard
78,771,"{2: '20%', 3: '20%'}",Standard
78,550,"{2: '20%', 3: '40%'}",Standard
78,211,"{3: '20%', 4: '20%'}",Standard
78,099,"{3: '20%', 4: '20%', 5: '20%'}",Standard
78,746,"{4: '20%', 5: '30%'}",Standard
78,130,"{4: '40%', 5: '30%'}",Hidden Possible
78,423,{5: '15%'},Hidden Possible
78,834-gi,{5: '5%'},Hidden Possible
78,129,{1: '35%'},Standard
78,846,{1: '35%'},Standard
78,833,"{1: '20%', 2: '30%'}",Standard
78,098,"{1: '10%', 2: '30%'}",Standard
78,771,"{2: '20%', 3: '20%'}",Standard
78,550,"{2: '20%', 3: '40%'}",Standard
78,211,"{3: '20%', 4: '20%'}",Standard
78,099,"{3: '20%', 4: '20%', 5: '20%'}",Standard
78,746,"{4: '20%', 5: '30%'}",Standard
78,130,"{4: '40%', 5: '30%'}",Hidden Possible
78,423,{5: '15%'},Hidden Possible
78,834-gi,{5: '5%'},Hidden Possible
79,406,{1: '35%'},Standard
79,273,{1: '35%'},Standard
79,829,"{1: '20%', 2: '30%'}",Standard
79,597,"{1: '10%', 2: '30%'}",Standard
79,274,"{2: '20%', 3: '20%'}",Standard
79,840,"{2: '20%', 3: '40%'}",Standard
79,315,"{3: '20%', 4: '20%', 5: '10%'}",Standard
79,275,"{3: '20%', 4: '20%', 5: '20%'}",Standard
79,830,"{4: '20%', 5: '25%'}",Hidden Possible
79,598,"{4: '40%', 5: '25%'}",Hidden Possible
79,407,{5: '15%'},Hidden Possible
79,841-gi,{5: '5%'},Hidden Possible
79,406,{1: '35%'},Standard
79,270,{1: '35%'},Standard
79,829,"{1: '20%', 2: '30%'}",Standard
79,597,"{1: '10%', 2: '30%'}",Standard
79,271,"{2: '20%', 3: '20%'}",Standard
79,840,"{2: '20%', 3: '40%'}",Standard
79,315,"{3: '20%', 4: '20%', 5: '10%'}",Standard
79,272,"{3: '20%', 4: '20%', 5: '20%'}",Standard
79,830,"{4: '20%', 5: '25%'}",Hidden Possible
79,598,"{4: '40%', 5: '25%'}",Hidden Possible
79,407,{5: '15%'},Hidden Possible
79,842-gi,{5: '5%'},Hidden Possible
80,037,{1: '35%'},Standard
80,850,{1: '35%'},Standard
80,607,"{1: '20%', 2: '30%'}",Standard
80,757,"{1: '10%', 2: '30%'}",Standard
80,838,"{2: '20%', 3: '20%'}",Standard
80,608,"{2: '20%', 3: '40%'}",Standard
80,631,"{3: '20%', 4: '20%'}",Standard
80,324,"{3: '20%', 4: '20%', 5: '10%'}",Standard
80,038,"{4: '20%', 5: '35%'}",Hidden Possible
80,609,"{4: '40%', 5: '35%'}",Hidden Possible
80,839,{5: '15%'},Hidden Possible
80,851-gi,{5: '5%'},Hidden Possible
80,058,{1: '35%'},Standard
80,850,{1: '35%'},Standard
80,607,"{1: '20%', 2: '30%'}",Standard
80,757,"{1: '10%', 2: '30%'}",Standard
80,838,"{2: '20%', 3: '20%'}",Standard
80,608,"{2: '20%', 3: '40%'}",Standard
80,631,"{3: '20%', 4: '20%'}",Standard
80,324,"{3: '20%', 4: '20%', 5: '10%'}",Standard
80,059,"{4: '20%', 5: '35%'}",Hidden Possible
80,609,"{4: '40%', 5: '35%'}",Hidden Possible
80,839,{5: '15%'},Hidden Possible
80,851-gi,{5: '5%'},Hidden Possible
81,447,{1: '35%'},Standard
81,066,{1: '35%'},Standard
81,759,"{1: '20%', 2: '30%'}",Standard
81,083-g,"{1: '10%', 2: '30%'}",Standard
81,760,"{2: '20%', 3: '20%'}",Standard
81,067,"{2: '20%', 3: '40%', 4: '10%'}",Standard
81,870,"{3: '20%', 4: '10%'}",Standard
81,701,"{3: '20%', 4: '20%', 5: '30%'}",Standard
81,448,"{4: '20%', 5: '39%'}",Hidden Possible
81,475,"{4: '40%', 5: '25%'}",Hidden Possible
81,865,{5: '1%'},Hidden Possible
81,068-gi,{5: '5%'},Hidden Possible
81,679,{1: '35%'},Standard
81,562-g,{1: '35%'},Standard
81,854,"{1: '20%', 2: '30%'}",Standard
81,092,"{1: '10%', 2: '30%'}",Standard
81,680,"{2: '20%', 3: '20%'}",Standard
81,222-g,"{2: '20%', 3: '40%', 4: '10%'}",Standard
81,093,"{3: '20%', 4: '10%'}",Standard
81,302,"{3: '20%', 4: '20%', 5: '30%'}",Standard
81,855,"{4: '20%', 5: '39%'}",Hidden Possible
81,864,"{4: '40%', 5: '25%'}",Hidden Possible
81,867,{5: '1%'},Standard
81,094-gi,{5: '5%'},Standard
82,175,{1: '35%'},Standard
82,755,{1: '35%'},Standard
82,859,"{1: '20%', 2: '30%'}",Standard
82,280,"{1: '10%', 2: '30%'}",Standard
82,176,"{2: '20%', 3: '20%'}",Standard
82,756,"{2: '20%', 3: '40%'}",Standard
82,860,"{3: '20%', 4: '20%'}",Standard
82,303,"{3: '20%', 4: '20%', 5: '10%'}",Standard
82,282,"{4: '20%', 5: '35%'}",Hidden Possible
82,468,"{4: '40%', 5: '35%'}",Hidden Possible
82,861,{5: '15%'},Hidden Possible
82,869-gi,{5: '5%'},Hidden Possible
82,175,{1: '35%'},Standard
82,077-g,{1: '35%'},Standard
82,859,"{1: '20%', 2: '30%'}",Standard
82,280,"{1: '10%', 2: '30%'}",Standard
82,176,"{2: '20%', 3: '20%'}",Standard
82,756,"{2: '20%', 3: '40%'}",Standard
82,860,"{3: '20%', 4: '20%'}",Standard
82,078-g,"{3: '20%', 4: '20%', 5: '10%'}",Standard
82,282,"{4: '20%', 5: '35%'}",Hidden Possible
82,468,"{4: '40%', 5: '35%'}",Hidden Possible
82,861,{5: '15%'},Hidden Possible
82,869-gi,{5: '5%'},Hidden Possible
83,557,{1: '35%'},Standard
83,438,{1: '35%'},Standard
83,837,"{1: '20%', 2: '30%'}",Standard
83,688,"{1: '10%', 2: '30%'}",Standard
83,838,"{2: '20%', 3: '20%'}",Standard
83,185,"{2: '20%', 3: '40%'}",Standard
83,689,"{3: '20%', 4: '20%'}",Standard
83,095,"{3: '20%', 4: '20%', 5: '10%'}",Standard
83,558,"{4: '20%', 5: '35%'}",Hidden Possible
83,208,"{4: '40%', 5: '35%'}",Hidden Possible
83,874,{5: '15%'},Standard
83,839-gi,{5: '5%'},Hidden Possible
83,582,{1: '35%'},Standard
83,613,{1: '35%'},Standard
83,122-g,"{1: '20%', 2: '30%'}",Standard
83,712,"{1: '10%', 2: '40%'}",Standard
83,361,"{2: '25%', 3: '30%'}",Standard
83,225,"{2: '5%', 3: '5%'}",Standard
83,713,"{3: '35%', 4: '20%'}",Standard
83,362,"{3: '30%', 4: '20%', 5: '10%'}",Standard
83,584,"{4: '20%', 5: '35%'}",Hidden Possible
83,866,"{4: '40%', 5: '35%'}",Hidden Possible
83,875,{5: '15%'},Standard
83,131-gi,{5: '5%'},Hidden Possible
84,447,{1: '35%'},Standard
84,436,{1: '35%'},Standard
84,624,"{1: '20%', 2: '30%'}",Standard
84,599,"{1: '10%', 2: '30%'}",Standard
84,095,"{2: '20%', 3: '20%'}",Standard
84,632,"{2: '20%', 3: '40%'}",Standard
84,600,"{3: '20%', 4: '20%'}",Standard
84,437,"{3: '20%', 4: '20%', 5: '10%'}",Standard
84,625,"{4: '20%', 5: '35%'}",Hidden Possible
84,208,"{4: '40%', 5: '35%'}",Hidden Possible
84,601,{5: '15%'},Hidden Possible
84,884-gi,{5: '5%'},Hidden Possible
84,447,{1: '35%'},Standard
84,436,{1: '35%'},Standard
84,624,"{1: '20%', 2: '30%'}",Standard
84,599,"{1: '10%', 2: '30%'}",Standard
84,095,"{2: '20%', 3: '20%'}",Standard
84,600,"{2: '20%', 3: '40%'}",Standard
84,632,"{3: '20%', 4: '20%'}",Standard
84,437,"{3: '20%', 4: '20%', 5: '10%'}",Standard
84,625,"{4: '20%', 5: '35%'}",Hidden Possible
84,208,"{4: '40%', 5: '35%'}",Hidden Possible
84,601,{5: '15%'},Hidden Possible
84,884-gi,{5: '5%'},Hidden Possible
85,052-g,{1: '35%'},Standard
85,436,{1: '35%'},Standard
85,624,"{1: '20%', 2: '30%'}",Standard
85,597,"{1: '10%', 2: '30%'}",Standard
85,679,"{2: '20%', 3: '20%'}",Standard
85,437,"{2: '20%', 3: '40%'}",Standard
85,863,"{3: '20%', 4: '20%'}",Standard
85,598,"{3: '20%', 4: '20%', 5: '10%'}",Standard
85,625,"{4: '20%', 5: '35%'}",Hidden Possible
85,618-g,"{4: '40%', 5: '35%'}",Hidden Possible
85,884,{5: '15%'},Hidden Possible
85,879-gi,{5: '5%'},Hidden Possible
85,052-g,{1: '35%'},Standard
85,436,{1: '35%'},Standard
85,624,"{1: '20%', 2: '30%'}",Standard
85,597,"{1: '10%', 2: '30%'}",Standard
85,679,"{2: '20%', 3: '20%'}",Standard
85,437,"{2: '20%', 3: '40%'}",Standard
85,863,"{3: '20%', 4: '20%'}",Standard
85,598,"{3: '20%', 4: '20%', 5: '10%'}",Standard
85,625,"{4: '20%', 5: '35%'}",Hidden Possible
85,618-g,"{4: '40%', 5: '35%'}",Hidden Possible
85,884,{5: '15%'},Hidden Possible
85,879-gi,{5: '5%'},Hidden Possible
86,434,{1: '35%'},Standard
86,568,{1: '35%'},Standard
86,451,"{1: '20%', 2: '30%'}",Standard
86,109,"{1: '10%', 2: '30%'}",Standard
86,747,"{2: '20%', 3: '20%'}",Standard
86,848,"{2: '20%', 3: '40%'}",Standard
86,452,"{3: '20%', 4: '20%'}",Standard
86,849,"{3: '20%', 4: '20%', 5: '10%'}",Standard
86,435,"{4: '20%', 5: '35%'}",Hidden Possible
86,110-g,"{4: '40%', 5: '35%'}",Hidden Possible
86,748,{5: '15%'},Hidden Possible
86,569-gi,{5: '5%'},Hidden Possible
86,434,{1: '35%'},Standard
86,568,{1: '35%'},Standard
86,451,"{1: '20%', 2: '30%'}",Standard
86,109,"{1: '10%', 2: '30%'}",Standard
86,757,"{2: '20%', 3: '20%'}",Standard
86,848,"{2: '20%', 3: '40%'}",Standard
86,452,"{3: '20%', 4: '20%'}",Standard
86,849,"{3: '20%', 4: '20%', 5: '10%'}",Standard
86,435,"{4: '20%', 5: '35%'}",Hidden Possible
86,110-g,"{4: '40%', 5: '35%'}",Hidden Possible
86,758,{5: '15%'},Hidden Possible
86,569-gi,{5: '5%'},Hidden Possible
87,175,{1: '35%'},Standard
87,684,{1: '35%'},Standard
87,859,"{1: '20%', 2: '30%'}",Standard
87,280,"{1: '10%', 2: '30%'}",Standard
87,176,"{2: '20%', 3: '20%'}",Standard
87,860,"{2: '20%', 3: '40%'}",Standard
87,685,"{3: '20%', 4: '20%'}",Standard
87,868,"{3: '20%', 4: '20%', 5: '10%'}",Standard
87,282,"{4: '20%', 5: '35%'}",Hidden Possible
87,861,"{4: '40%', 5: '35%'}",Hidden Possible
87,468,{5: '15%'},Hidden Possible
87,858-gi,{5: '5%'},Hidden Possible
87,175,{1: '35%'},Standard
87,682,{1: '35%'},Standard
87,859,"{1: '20%', 2: '30%'}",Standard
87,280,"{1: '10%', 2: '30%'}",Standard
87,176,"{2: '20%', 3: '20%'}",Standard
87,860,"{2: '20%', 3: '40%'}",Standard
87,683,"{3: '20%', 4: '20%'}",Standard
87,868,"{3: '20%', 4: '20%', 5: '10%'}",Standard
87,282,"{4: '20%', 5: '35%'}",Hidden Possible
87,861,"{4: '40%', 5: '35%'}",Hidden Possible
87,468,{5: '15%'},Hidden Possible
87,858-gi,{5: '5%'},Hidden Possible
88,827,{1: '35%'},Standard
88,263-g,{1: '35%'},Standard
88,559,"{1: '20%', 2: '30%'}",Standard
88,859,"{1: '10%', 2: '30%'}",Standard
88,510,"{2: '20%', 3: '20%'}",Standard
88,264-g,"{2: '20%', 3: '40%'}",Standard
88,860,"{3: '20%', 4: '20%'}",Standard
88,828,"{3: '20%', 4: '20%', 5: '10%'}",Standard
88,675,"{4: '20%', 5: '35%'}",Hidden Possible
88,560,"{4: '40%', 5: '35%'}",Hidden Possible
88,635,{5: '15%'},Standard
88,861-gi,{5: '5%'},Hidden Possible
88,827,{1: '35%'},Standard
88,263-g,{1: '35%'},Standard
88,629,"{1: '20%', 2: '30%'}",Standard
88,859,"{1: '10%', 2: '30%'}",Standard
88,510,"{2: '20%', 3: '20%'}",Standard
88,264-g,"{2: '20%', 3: '40%'}",Standard
88,860,"{3: '20%', 4: '20%'}",Standard
88,828,"{3: '20%', 4: '20%', 5: '10%'}",Standard
88,675,"{4: '20%', 5: '35%'}",Hidden Possible
88,630,"{4: '40%', 5: '35%'}",Hidden Possible
88,248,{5: '15%'},Hidden Possible
88,861-gi,{5: '5%'},Hidden Possible
89,177,{1: '35%'},Standard
89,163,{1: '35%'},Standard
89,821,"{1: '20%', 2: '30%'}",Standard
89,278,"{1: '10%', 2: '30%'}",Standard
89,012,"{2: '20%', 3: '20%'}",Standard
89,822,"{2: '20%', 3: '40%'}",Standard
89,164,"{3: '20%', 4: '25%'}",Standard
89,279,"{3: '20%', 4: '20%', 5: '10%'}",Standard
89,178,"{4: '20%', 5: '35%'}",Hidden Possible
89,701,"{4: '35%', 5: '35%'}",Hidden Possible
89,561,{5: '15%'},Hidden Possible
89,823-gi,{5: '5%'},Hidden Possible
89,177,{1: '35%'},Standard
89,163,{1: '35%'},Standard
89,821,"{1: '20%', 2: '30%'}",Standard
89,278,"{1: '10%', 2: '30%'}",Standard
89,012,"{2: '20%', 3: '20%'}",Standard
89,822,"{2: '20%', 3: '40%'}",Standard
89,164,"{3: '20%', 4: '25%'}",Standard
89,279,"{3: '20%', 4: '20%', 5: '10%'}",Standard
89,178,"{4: '20%', 5: '35%'}",Hidden Possible
89,701,"{4: '35%', 5: '35%'}",Hidden Possible
89,561,{5: '15%'},Hidden Possible
89,823-gi,{5: '5%'},Hidden Possible
90,767,{1: '30%'},Standard
90,824,{1: '20%'},Standard
90,588,"{1: '20%', 2: '25%'}",Standard
90,751,"{1: '20%', 2: '25%'}",Standard
90,616,"{2: '20%', 3: '20%'}",Standard
90,557,"{2: '20%', 3: '30%'}",Standard
90,825,"{3: '20%', 4: '20%'}",Standard
90,826,"{3: '20%', 4: '20%', 5: '20%'}",Standard
90,752,"{4: '20%', 5: '25%'}",Hidden Possible
90,768,"{4: '30%', 5: '30%'}",Standard
90,589,{5: '15%'},Hidden Possible
90,012-gi,"{1: '10%', 2: '10%', 3: '10%', 4: '10%', 5: '10%'}",Hidden Possible
90,767,{1: '30%'},Standard
90,824,{1: '20%'},Standard
90,616,"{1: '20%', 2: '25%'}",Standard
90,751,"{1: '20%', 2: '25%'}",Standard
90,588,"{2: '20%', 3: '20%'}",Standard
90,557,"{2: '20%', 3: '30%'}",Standard
90,825,"{3: '20%', 4: '20%'}",Standard
90,826,"{3: '20%', 4: '20%', 5: '20%'}",Standard
90,752,"{4: '20%', 5: '25%'}",Hidden Possible
90,768,"{4: '30%', 5: '30%'}",Standard
90,617,{5: '15%'},Hidden Possible
90,012-gi,"{1: '10%', 2: '10%', 3: '10%', 4: '10%', 5: '10%'}",Hidden Possible
91,341,{1: '40%'},Standard
91,098,{1: '25%'},Standard
91,846,"{1: '25%', 2: '25%'}",Standard
91,833,"{1: '10%', 2: '25%'}",Standard
91,747,"{2: '20%', 3: '20%'}",Standard
91,550,"{2: '20%', 3: '30%'}",Standard
91,342,"{3: '20%', 4: '20%'}",Standard
91,748,"{3: '20%', 4: '20%', 5: '15%'}",Standard
91,771,"{4: '20%', 5: '25%'}",Hidden Possible
91,130,"{4: '30%', 5: '35%'}",Hidden Possible
91,131,{5: '15%'},Hidden Possible
91,099-gi,"{2: '10%', 3: '10%', 4: '10%', 5: '10%'}",Hidden Possible
91,341,{1: '40%'},Standard
91,098,{1: '25%'},Standard
91,846,"{1: '25%', 2: '25%'}",Standard
91,833,"{1: '10%', 2: '25%'}",Standard
91,747,"{2: '20%', 3: '20%'}",Standard
91,550,"{2: '20%', 3: '30%'}",Standard
91,342,"{3: '20%', 4: '20%'}",Standard
91,748,"{3: '20%', 4: '20%', 5: '15%'}",Standard
91,771,"{4: '20%', 5: '25%'}",Hidden Possible
91,130,"{4: '30%', 5: '35%'}",Hidden Possible
91,131,{5: '15%'},Hidden Possible
91,099-gi,"{2: '10%', 3: '10%', 4: '10%', 5: '10%'}",Hidden Possible
92,767,{1: '35%'},Standard
92,824,{1: '35%'},Standard
92,588,"{1: '20%', 2: '30%'}",Standard
92,751,"{1: '10%', 2: '30%'}",Standard
92,616,"{2: '20%', 3: '20%'}",Standard
92,557,"{2: '20%', 3: '30%'}",Standard
92,825,"{3: '20%', 4: '20%'}",Standard
92,826,"{3: '20%', 4: '20%', 5: '20%'}",Standard
92,752,"{4: '20%', 5: '25%'}",Hidden Possible
92,768,"{4: '30%', 5: '30%'}",Standard
92,589,{5: '15%'},Hidden Possible
92,826-gi,"{3: '10%', 4: '10%', 5: '10%'}",Hidden Possible
92,767,{1: '35%'},Standard
92,824,{1: '35%'},Standard
92,616,"{1: '20%', 2: '30%'}",Standard
92,751,"{1: '10%', 2: '30%'}",Standard
92,588,"{2: '20%', 3: '20%'}",Standard
92,557,"{2: '20%', 3: '30%'}",Standard
92,825,"{3: '20%', 4: '20%'}",Standard
92,826,"{3: '20%', 4: '20%', 5: '20%'}",Standard
92,752,"{4: '20%', 5: '25%'}",Hidden Possible
92,768,"{4: '30%', 5: '30%'}",Standard
92,617,{5: '15%'},Hidden Possible
92,826-gi,"{3: '10%', 4: '10%', 5: '10%'}",Hidden Possible
93,194,{1: '35%'},Standard
93,339,{1: '35%'},Standard
93,562-g,"{1: '20%', 2: '30%'}",Standard
93,622,"{1: '10%', 2: '30%'}",Standard
93,536,"{2: '20%', 3: '20%'}",Standard
93,195,"{2: '20%', 3: '40%'}",Standard
93,618-g,"{3: '20%', 4: '20%'}",Standard
93,623,"{3: '20%', 4: '20%', 5: '20%'}",Standard
93,423,"{4: '20%', 5: '25%'}",Hidden Possible
93,537,"{4: '30%', 5: '30%'}",Hidden Possible
93,464,{5: '15%'},Hidden Possible
93,844-gi,"{4: '10%', 5: '10%'}",Hidden Possible
93,194,{1: '35%'},Standard
93,339,{1: '35%'},Standard
93,562-g,"{1: '20%', 2: '30%'}",Standard
93,622,"{1: '10%', 2: '30%'}",Standard
93,536,"{2: '20%', 3: '20%'}",Standard
93,195,"{2: '20%', 3: '40%'}",Standard
93,618-g,"{3: '20%', 4: '20%'}",Standard
93,623,"{3: '20%', 4: '20%', 5: '20%'}",Standard
93,423,"{4: '20%', 5: '25%'}",Hidden Possible
93,537,"{4: '30%', 5: '30%'}",Hidden Possible
93,464,{5: '15%'},Hidden Possible
93,844-gi,"{4: '10%', 5: '10%'}",Hidden Possible
